Workbook

Sheet SalvageEntry
H1: Holding Cells - wait until these are clear before submitting another set of data
A2: Waste to landfill | B2: Date (DD-MM) | C2: 46303 | D2: Enter a value in every box
B3: Weight Up (kg) | D3: Do not press submit unless all boxes are green
B4: Iron and steel | C4: 0
A5: Materials Up (%) | B5: Timber | C5: 0
B6: Textiles | C6: 0
B7: Plastics | C7: 0
B8: Paper and cardboard | C8: 0
B9: Mattresses | C9: 0
B10: Ewaste | C10: 0
B11: Glass | C11: 0
B12: Mixed materials | C12: 0
C13: =SUM(C4:C12) -> 0 | D13: <----Total. Do not press submit unless this is 100
G15: <---- If 100% mixed - enter the date and weight,
G16: then press this button for speedier results
A18: Salvage from landfill | B18: Date (DD-MM) | C18: =C2 -> 46303 | D18: Enter a value in every box
B19: Weight Down (kg) | D19: Do not press submit unless all boxes are green
A20: Materials Down | B20: Iron and steel | C20: 0
B21: Aluminium | C21: 0
B22: Other non-ferrous | C22: 0
B23: Mixed metals | C23: 0
B24: Ewaste | C24: 0
B25: Lead acid batteries | C25: 0
B26: Timber | C26: 0
B27: Bricks | C27: 0
B28: Building and demolition | C28: 0
B29: Whitegoods | C29: 0
B30: Paper and cardboard | C30: 0
B31: Plastics | C31: 0
B32: Glass | C32: 0
B33: Mixed materials | C33: 0
C34: =SUM(C20:C33) -> 0 | D34: <----Total. Do not press submit unless this is 100 | H34: =SUM(H20:H33) -> 0
G36: <---- If 100% mixed - enter the date and weight,
G37: then press this button for speedier results

Sheet ContainerEntry
H1: Holding Cells - wait until these are clear before submitting another set of data
B2: Date (DD-MM) | C2: 46302 | D2: Enter a value in every box
B3: Container Type | C3: 5
B4: Weight
B5: Iron and steel | C5: 0 | D5: Do not press submit unless all boxes are green
B6: Aluminium | C6: 0
B7: Other non-ferrous | C7: 0
B8: Mixed metals | C8: 0 | L8: Container Type
B9: Textiles | C9: 0 | K9: Apple crate | L9: 1
B10: Mattresses | C10: 0 | K10: Plastic pallet | L10: 2
B11: Timber | C11: 0 | K11: Pine pallet | L11: 3
B12: Bricks | C12: 0 | K12: Hardwood pallet | L12: 4
B13: Building and demolition | C13: 0 | K13: Collectable Tub | L13: 5
B14: Paper and cardboard | C14: 0 | K14: Pickup | L14: 6
B15: Plastics | C15: 0
B16: Glass | C16: 0
B17: Mixed materials | C17: 0
C18: =SUM(C5:C17) -> 0 | D18: <----Total. Do not press submit unless this is 100
B28: Pallet and crate tare weights: do not change these numbers
B29: Crate | C29: 60
B30: Plastic Pallet | C30: 6
B31: Pine Pallet | C31: 18
B32: Hardwood Pallet | C32: 30

Sheet ElecEntry
H1: Holding Cells - wait until these are clear before submitting another set of data
B2: Date (DD-MM) | C2: 46316 | D2: Enter a value in every box | Z2: -
B3: Container Type
B4: Weight
B5: TVs, Monitors, Proj | C5: 0 | D5: Do not press submit unless all boxes are green
B6: Everything Else | C6: 0
C7: =SUM(C5:C6) -> 0 | D7: <----Total. Do not press submit unless this is 100
G14: <---- If 100% mixed - just enter the date,
G15: then press the relevant button for speedier results
B17: Pallet and crate tare weights: do not change these numbers
B18: Stillage Cage | C18: 50
B19: Plastic Pallet | C19: 6
B20: Pine Pallet | C20: 18
B21: Hardwood Pallet | C21: 30

Sheet SalvageUpList
B1: Date | C1: Weight Up | D1: Iron and steel | E1: Timber | F1: Textiles | G1: Plastics | H1: Paper and cardboard | I1: Mattresses | J1: Ewaste | K1: Glass | L1: Mixed materials
B2: 46204 | C2: 380 | D2: =380 -> 380 | E2: =0 -> 0 | F2: =0 -> 0 | G2: =0 -> 0 | H2: =0 -> 0 | I2: =0 -> 0 | J2: =0 -> 0 | K2: =0 -> 0 | L2: =0 -> 0
B3: 46204 | C3: 400 | D3: =0 -> 0 | E3: =0 -> 0 | F3: =0 -> 0 | G3: =0 -> 0 | H3: =0 -> 0 | I3: =0 -> 0 | J3: =0 -> 0 | K3: =0 -> 0 | L3: =400 -> 400
B4: 46204 | C4: 240 | D4: =0 -> 0 | E4: =240 -> 240 | F4: =0 -> 0 | G4: =0 -> 0 | H4: =0 -> 0 | I4: =0 -> 0 | J4: =0 -> 0 | K4: =0 -> 0 | L4: =0 -> 0
B5: 46204 | C5: 220 | D5: =0 -> 0 | E5: =0 -> 0 | F5: =44 -> 44 | G5: =44 -> 44 | H5: =0 -> 0 | I5: =0 -> 0 | J5: =0 -> 0 | K5: =22 -> 22 | L5: =110 -> 110
B6: 46204 | C6: 240 | D6: 0 | E6: 0 | F6: 0 | G6: 0 | H6: 0 | I6: 0 | J6: 0 | K6: 0 | L6: 240
B7: 46204 | C7: 300 | D7: 0 | E7: 0 | F7: 0 | G7: 0 | H7: 0 | I7: 0 | J7: 0 | K7: 0 | L7: 300
B8: 46205 | C8: 180 | D8: =0 -> 0 | E8: =0 -> 0 | F8: =108 -> 108 | G8: =36 -> 36 | H8: =0 -> 0 | I8: =0 -> 0 | J8: =0 -> 0 | K8: =18 -> 18 | L8: =18 -> 18
B9: 46205 | C9: 180 | D9: 0 | E9: 0 | F9: 0 | G9: 0 | H9: 0 | I9: 0 | J9: 0 | K9: 0 | L9: 180
B10: 46205 | C10: 220 | D10: =0 -> 0 | E10: =0 -> 0 | F10: =0 -> 0 | G10: =0 -> 0 | H10: =0 -> 0 | I10: =0 -> 0 | J10: =44 -> 44 | K10: =0 -> 0 | L10: =176 -> 176
B11: 46205 | C11: 260 | D11: =0 -> 0 | E11: =0 -> 0 | F11: =0 -> 0 | G11: =0 -> 0 | H11: =0 -> 0 | I11: =0 -> 0 | J11: =156 -> 156 | K11: =0 -> 0 | L11: =104 -> 104
B12: 46206 | C12: 220 | D12: =220 -> 220 | E12: =0 -> 0 | F12: =0 -> 0 | G12: =0 -> 0 | H12: =0 -> 0 | I12: =0 -> 0 | J12: =0 -> 0 | K12: =0 -> 0 | L12: =0 -> 0
B13: 46206 | C13: 260 | D13: 0 | E13: 0 | F13: 0 | G13: 0 | H13: 0 | I13: 0 | J13: 0 | K13: 0 | L13: 260
B14: 46206 | C14: 260 | D14: =0 -> 0 | E14: =0 -> 0 | F14: =0 -> 0 | G14: =52 -> 52 | H14: =0 -> 0 | I14: =0 -> 0 | J14: =52 -> 52 | K14: =26 -> 26 | L14: =130 -> 130
B15: 46206 | C15: 260 | D15: =0 -> 0 | E15: =0 -> 0 | F15: =52 -> 52 | G15: =52 -> 52 | H15: =0 -> 0 | I15: =0 -> 0 | J15: =0 -> 0 | K15: =52 -> 52 | L15: =104 -> 104
B16: 46206 | C16: 40 | D16: =0 -> 0 | E16: =0 -> 0 | F16: =0 -> 0 | G16: =0 -> 0 | H16: =0 -> 0 | I16: =0 -> 0 | J16: =0 -> 0 | K16: =0 -> 0 | L16: =40 -> 40
B17: 46207 | C17: 180 | D17: =0 -> 0 | E17: =0 -> 0 | F17: =0 -> 0 | G17: =0 -> 0 | H17: =0 -> 0 | I17: =0 -> 0 | J17: =0 -> 0 | K17: =0 -> 0 | L17: =180 -> 180
B18: 46207 | C18: 20 | D18: 0 | E18: 0 | F18: 0 | G18: 0 | H18: 0 | I18: 0 | J18: 0 | K18: 0 | L18: 20
B19: 46207 | C19: 20 | D19: 0 | E19: 0 | F19: 0 | G19: 0 | H19: 0 | I19: 0 | J19: 0 | K19: 0 | L19: 20
B20: 46208 | C20: 40 | D20: =0 -> 0 | E20: =0 -> 0 | F20: =0 -> 0 | G20: =0 -> 0 | H20: =40 -> 40 | I20: =0 -> 0 | J20: =0 -> 0 | K20: =0 -> 0 | L20: =0 -> 0
B21: 46208 | C21: 20 | D21: =0 -> 0 | E21: =0 -> 0 | F21: =0 -> 0 | G21: =20 -> 20 | H21: =0 -> 0 | I21: =0 -> 0 | J21: =0 -> 0 | K21: =0 -> 0 | L21: =0 -> 0
B22: 46209 | C22: 280 | D22: =84 -> 84 | E22: =168 -> 168 | F22: =0 -> 0 | G22: =0 -> 0 | H22: =0 -> 0 | I22: =0 -> 0 | J22: =0 -> 0 | K22: =0 -> 0 | L22: =28 -> 28
B23: 46209 | C23: 220 | D23: 0 | E23: 0 | F23: 0 | G23: 0 | H23: 0 | I23: 0 | J23: 0 | K23: 0 | L23: 220
B24: 46209 | C24: 280 | D24: =0 -> 0 | E24: =280 -> 280 | F24: =0 -> 0 | G24: =0 -> 0 | H24: =0 -> 0 | I24: =0 -> 0 | J24: =0 -> 0 | K24: =0 -> 0 | L24: =0 -> 0
B25: 46209 | C25: 200 | D25: =0 -> 0 | E25: =200 -> 200 | F25: =0 -> 0 | G25: =0 -> 0 | H25: =0 -> 0 | I25: =0 -> 0 | J25: =0 -> 0 | K25: =0 -> 0 | L25: =0 -> 0
B26: 46210 | C26: 140 | D26: 0 | E26: 0 | F26: 0 | G26: 0 | H26: 0 | I26: 0 | J26: 0 | K26: 0 | L26: 140
B27: 46210 | C27: 180 | D27: 0 | E27: 0 | F27: 0 | G27: 0 | H27: 0 | I27: 0 | J27: 0 | K27: 0 | L27: 180
B28: 46210 | C28: 160 | D28: =160 -> 160 | E28: =0 -> 0 | F28: =0 -> 0 | G28: =0 -> 0 | H28: =0 -> 0 | I28: =0 -> 0 | J28: =0 -> 0 | K28: =0 -> 0 | L28: =0 -> 0
B29: 46210 | C29: 180 | D29: =0 -> 0 | E29: =0 -> 0 | F29: =36 -> 36 | G29: =126 -> 126 | H29: =0 -> 0 | I29: =0 -> 0 | J29: =0 -> 0 | K29: =18 -> 18 | L29: =0 -> 0
B30: 46210 | C30: 80 | D30: =0 -> 0 | E30: =0 -> 0 | F30: =0 -> 0 | G30: =0 -> 0 | H30: =72 -> 72 | I30: =0 -> 0 | J30: =0 -> 0 | K30: =0 -> 0 | L30: =8 -> 8
B31: 46211 | C31: 40 | D31: 0 | E31: 0 | F31: 0 | G31: 0 | H31: 0 | I31: 0 | J31: 0 | K31: 0 | L31: 40
B32: 46211 | C32: 300 | D32: 0 | E32: 0 | F32: 0 | G32: 0 | H32: 0 | I32: 0 | J32: 0 | K32: 0 | L32: 300
B33: 46211 | C33: 160 | D33: =0 -> 0 | E33: =0 -> 0 | F33: =0 -> 0 | G33: =0 -> 0 | H33: =0 -> 0 | I33: =0 -> 0 | J33: =0 -> 0 | K33: =0 -> 0 | L33: =160 -> 160
B34: 46211 | C34: 200 | D34: 0 | E34: 0 | F34: 0 | G34: 0 | H34: 0 | I34: 0 | J34: 0 | K34: 0 | L34: 200
B35: 46212 | C35: 80 | D35: 0 | E35: 0 | F35: 0 | G35: 0 | H35: 0 | I35: 0 | J35: 0 | K35: 0 | L35: 80
B36: 46212 | C36: 200 | D36: =0 -> 0 | E36: =200 -> 200 | F36: =0 -> 0 | G36: =0 -> 0 | H36: =0 -> 0 | I36: =0 -> 0 | J36: =0 -> 0 | K36: =0 -> 0 | L36: =0 -> 0
B37: 46212 | C37: 180 | D37: =180 -> 180 | E37: =0 -> 0 | F37: =0 -> 0 | G37: =0 -> 0 | H37: =0 -> 0 | I37: =0 -> 0 | J37: =0 -> 0 | K37: =0 -> 0 | L37: =0 -> 0
B38: 46212 | C38: 200 | D38: =200 -> 200 | E38: =0 -> 0 | F38: =0 -> 0 | G38: =0 -> 0 | H38: =0 -> 0 | I38: =0 -> 0 | J38: =0 -> 0 | K38: =0 -> 0 | L38: =0 -> 0
B39: 46212 | C39: 140 | D39: =0 -> 0 | E39: =0 -> 0 | F39: =42 -> 42 | G39: =28 -> 28 | H39: =0 -> 0 | I39: =0 -> 0 | J39: =0 -> 0 | K39: =28 -> 28 | L39: =42 -> 42
B40: 46213 | C40: 40 | D40: 0 | E40: 0 | F40: 0 | G40: 0 | H40: 0 | I40: 0 | J40: 0 | K40: 0 | L40: 40
B41: 46213 | C41: 260 | D41: =260 -> 260 | E41: =0 -> 0 | F41: =0 -> 0 | G41: =0 -> 0 | H41: =0 -> 0 | I41: =0 -> 0 | J41: =0 -> 0 | K41: =0 -> 0 | L41: =0 -> 0
B42: 46213 | C42: 40 | D42: =0 -> 0 | E42: =40 -> 40 | F42: =0 -> 0 | G42: =0 -> 0 | H42: =0 -> 0 | I42: =0 -> 0 | J42: =0 -> 0 | K42: =0 -> 0 | L42: =0 -> 0
B43: 46213 | C43: 120 | D43: =0 -> 0 | E43: =0 -> 0 | F43: =0 -> 0 | G43: =0 -> 0 | H43: =0 -> 0 | I43: =0 -> 0 | J43: =0 -> 0 | K43: =0 -> 0 | L43: =120 -> 120
B44: 46214 | C44: 200 | D44: 0 | E44: 0 | F44: 0 | G44: 0 | H44: 0 | I44: 0 | J44: 0 | K44: 0 | L44: 200
B45: 46214 | C45: 120 | D45: 0 | E45: 0 | F45: 0 | G45: 0 | H45: 0 | I45: 0 | J45: 0 | K45: 0 | L45: 120
B46: 46214 | C46: 100 | D46: 0 | E46: 0 | F46: 0 | G46: 0 | H46: 0 | I46: 0 | J46: 0 | K46: 0 | L46: 100
B47: 46215 | C47: 360 | D47: =0 -> 0 | E47: =72 -> 72 | F47: =0 -> 0 | G47: =0 -> 0 | H47: =0 -> 0 | I47: =0 -> 0 | J47: =0 -> 0 | K47: =0 -> 0 | L47: =288 -> 288
B48: 46215 | C48: 60 | D48: =0 -> 0 | E48: =0 -> 0 | F48: =0 -> 0 | G48: =60 -> 60 | H48: =0 -> 0 | I48: =0 -> 0 | J48: =0 -> 0 | K48: =0 -> 0 | L48: =0 -> 0
B49: 46216 | C49: 140 | D49: =0 -> 0 | E49: =0 -> 0 | F49: =0 -> 0 | G49: =0 -> 0 | H49: =0 -> 0 | I49: =0 -> 0 | J49: =0 -> 0 | K49: =0 -> 0 | L49: =140 -> 140
B50: 46216 | C50: 220 | D50: =0 -> 0 | E50: =0 -> 0 | F50: =0 -> 0 | G50: =0 -> 0 | H50: =0 -> 0 | I50: =0 -> 0 | J50: =0 -> 0 | K50: =0 -> 0 | L50: =220 -> 220
B51: 46216 | C51: 180 | D51: =0 -> 0 | E51: =0 -> 0 | F51: =72 -> 72 | G51: =36 -> 36 | H51: =0 -> 0 | I51: =0 -> 0 | J51: =0 -> 0 | K51: =18 -> 18 | L51: =54 -> 54
B52: 46217 | C52: 100 | D52: 0 | E52: 0 | F52: 0 | G52: 0 | H52: 0 | I52: 0 | J52: 0 | K52: 0 | L52: 100
B53: 46217 | C53: 60 | D53: 0 | E53: 0 | F53: 0 | G53: 0 | H53: 0 | I53: 0 | J53: 0 | K53: 0 | L53: 60
B54: 46217 | C54: 180 | D54: 0 | E54: 0 | F54: 0 | G54: 0 | H54: 0 | I54: 0 | J54: 0 | K54: 0 | L54: 180
B55: 46218 | C55: 120 | D55: =0 -> 0 | E55: =0 -> 0 | F55: =60 -> 60 | G55: =0 -> 0 | H55: =0 -> 0 | I55: =0 -> 0 | J55: =0 -> 0 | K55: =60 -> 60 | L55: =0 -> 0
B56: 46218 | C56: 180 | D56: =0 -> 0 | E56: =0 -> 0 | F56: =0 -> 0 | G56: =0 -> 0 | H56: =0 -> 0 | I56: =0 -> 0 | J56: =9 -> 9 | K56: =0 -> 0 | L56: =171 -> 171
B57: 46218 | C57: 80 | D57: =0 -> 0 | E57: =0 -> 0 | F57: =0 -> 0 | G57: =80 -> 80 | H57: =0 -> 0 | I57: =0 -> 0 | J57: =0 -> 0 | K57: =0 -> 0 | L57: =0 -> 0
B58: 46219 | C58: 180 | D58: =180 -> 180 | E58: =0 -> 0 | F58: =0 -> 0 | G58: =0 -> 0 | H58: =0 -> 0 | I58: =0 -> 0 | J58: =0 -> 0 | K58: =0 -> 0 | L58: =0 -> 0
B59: 46219 | C59: 180 | D59: 0 | E59: 0 | F59: 0 | G59: 0 | H59: 0 | I59: 0 | J59: 0 | K59: 0 | L59: 180
B60: 46219 | C60: 220 | D60: =0 -> 0 | E60: =220 -> 220 | F60: =0 -> 0 | G60: =0 -> 0 | H60: =0 -> 0 | I60: =0 -> 0 | J60: =0 -> 0 | K60: =0 -> 0 | L60: =0 -> 0
B61: 46219 | C61: 260 | D61: =0 -> 0 | E61: =0 -> 0 | F61: =52 -> 52 | G61: =52 -> 52 | H61: =0 -> 0 | I61: =0 -> 0 | J61: =0 -> 0 | K61: =104 -> 104 | L61: =52 -> 52
B62: 46219 | C62: 60 | D62: =0 -> 0 | E62: =0 -> 0 | F62: =0 -> 0 | G62: =60 -> 60 | H62: =0 -> 0 | I62: =0 -> 0 | J62: =0 -> 0 | K62: =0 -> 0 | L62: =0 -> 0
B63: 46220 | C63: 240 | D63: 0 | E63: 0 | F63: 0 | G63: 0 | H63: 0 | I63: 0 | J63: 0 | K63: 0 | L63: 240
B64: 46220 | C64: 160 | D64: 0 | E64: 0 | F64: 0 | G64: 0 | H64: 0 | I64: 0 | J64: 0 | K64: 0 | L64: 160
B65: 46220 | C65: 80 | D65: =0 -> 0 | E65: =0 -> 0 | F65: =0 -> 0 | G65: =80 -> 80 | H65: =0 -> 0 | I65: =0 -> 0 | J65: =0 -> 0 | K65: =0 -> 0 | L65: =0 -> 0
B66: 46220 | C66: 180 | D66: =0 -> 0 | E66: =180 -> 180 | F66: =0 -> 0 | G66: =0 -> 0 | H66: =0 -> 0 | I66: =0 -> 0 | J66: =0 -> 0 | K66: =0 -> 0 | L66: =0 -> 0
B67: 46221 | C67: 280 | D67: =266 -> 266 | E67: =0 -> 0 | F67: =0 -> 0 | G67: =14 -> 14 | H67: =0 -> 0 | I67: =0 -> 0 | J67: =0 -> 0 | K67: =0 -> 0 | L67: =0 -> 0
B68: 46221 | C68: 280 | D68: =0 -> 0 | E68: =0 -> 0 | F68: =0 -> 0 | G68: =0 -> 0 | H68: =0 -> 0 | I68: =0 -> 0 | J68: =0 -> 0 | K68: =0 -> 0 | L68: =280 -> 280
B69: 46221 | C69: 120 | D69: 0 | E69: 0 | F69: 0 | G69: 0 | H69: 0 | I69: 0 | J69: 0 | K69: 0 | L69: 120
B70: 46222 | C70: 120 | D70: =0 -> 0 | E70: =0 -> 0 | F70: =24 -> 24 | G70: =36 -> 36 | H70: =24 -> 24 | I70: =36 -> 36 | J70: =0 -> 0 | K70: =0 -> 0 | L70: =0 -> 0
B71: 46222 | C71: 100 | D71: =0 -> 0 | E71: =0 -> 0 | F71: =0 -> 0 | G71: =5 -> 5 | H71: =0 -> 0 | I71: =0 -> 0 | J71: =0 -> 0 | K71: =0 -> 0 | L71: =95 -> 95
B72: 46222 | C72: 40 | D72: 0 | E72: 0 | F72: 0 | G72: 0 | H72: 0 | I72: 0 | J72: 0 | K72: 0 | L72: 40
B73: 46223 | C73: 160 | D73: =0 -> 0 | E73: =0 -> 0 | F73: =0 -> 0 | G73: =128 -> 128 | H73: =0 -> 0 | I73: =0 -> 0 | J73: =0 -> 0 | K73: =0 -> 0 | L73: =32 -> 32
B74: 46223 | C74: 60 | D74: 0 | E74: 0 | F74: 0 | G74: 0 | H74: 0 | I74: 0 | J74: 0 | K74: 0 | L74: 60
B75: 46223 | C75: 40 | D75: 0 | E75: 0 | F75: 0 | G75: 0 | H75: 0 | I75: 0 | J75: 0 | K75: 0 | L75: 40
B76: 46223 | C76: 60 | D76: =0 -> 0 | E76: =0 -> 0 | F76: =0 -> 0 | G76: =60 -> 60 | H76: =0 -> 0 | I76: =0 -> 0 | J76: =0 -> 0 | K76: =0 -> 0 | L76: =0 -> 0
B77: 46224 | C77: 200 | D77: =0 -> 0 | E77: =0 -> 0 | F77: =20 -> 20 | G77: =20 -> 20 | H77: =0 -> 0 | I77: =0 -> 0 | J77: =120 -> 120 | K77: =20 -> 20 | L77: =20 -> 20
B78: 46224 | C78: 160 | D78: =0 -> 0 | E78: =0 -> 0 | F78: =80 -> 80 | G78: =80 -> 80 | H78: =0 -> 0 | I78: =0 -> 0 | J78: =0 -> 0 | K78: =0 -> 0 | L78: =0 -> 0
B79: 46225 | C79: 200 | D79: =0 -> 0 | E79: =200 -> 200 | F79: =0 -> 0 | G79: =0 -> 0 | H79: =0 -> 0 | I79: =0 -> 0 | J79: =0 -> 0 | K79: =0 -> 0 | L79: =0 -> 0
B80: 46225 | C80: 60 | D80: 0 | E80: 0 | F80: 0 | G80: 0 | H80: 0 | I80: 0 | J80: 0 | K80: 0 | L80: 60
B81: 46225 | C81: 160 | D81: 0 | E81: 0 | F81: 0 | G81: 0 | H81: 0 | I81: 0 | J81: 0 | K81: 0 | L81: 160
B82: 46226 | C82: 120 | D82: =0 -> 0 | E82: =0 -> 0 | F82: =0 -> 0 | G82: =0 -> 0 | H82: =0 -> 0 | I82: =0 -> 0 | J82: =0 -> 0 | K82: =0 -> 0 | L82: =120 -> 120
B83: 46226 | C83: 20 | D83: 0 | E83: 0 | F83: 0 | G83: 0 | H83: 0 | I83: 0 | J83: 0 | K83: 0 | L83: 20
B84: 46226 | C84: 120 | D84: =0 -> 0 | E84: =108 -> 108 | F84: =0 -> 0 | G84: =12 -> 12 | H84: =0 -> 0 | I84: =0 -> 0 | J84: =0 -> 0 | K84: =0 -> 0 | L84: =0 -> 0
B85: 46227 | C85: 380 | D85: 0 | E85: 0 | F85: 0 | G85: 0 | H85: 0 | I85: 0 | J85: 0 | K85: 0 | L85: 380
B86: 46227 | C86: 420 | D86: =0 -> 0 | E86: =0 -> 0 | F86: =336 -> 336 | G86: =0 -> 0 | H86: =0 -> 0 | I86: =0 -> 0 | J86: =0 -> 0 | K86: =0 -> 0 | L86: =84 -> 84
B87: 46227 | C87: 240 | D87: =0 -> 0 | E87: =0 -> 0 | F87: =48 -> 48 | G87: =144 -> 144 | H87: =0 -> 0 | I87: =0 -> 0 | J87: =0 -> 0 | K87: =0 -> 0 | L87: =48 -> 48
B88: 46227 | C88: 120 | D88: =0 -> 0 | E88: =0 -> 0 | F88: =0 -> 0 | G88: =72 -> 72 | H88: =0 -> 0 | I88: =0 -> 0 | J88: =0 -> 0 | K88: =0 -> 0 | L88: =48 -> 48
B89: 46227 | C89: 420 | D89: 0 | E89: 0 | F89: 0 | G89: 0 | H89: 0 | I89: 0 | J89: 0 | K89: 0 | L89: 420
B90: 46228 | C90: 240 | D90: =0 -> 0 | E90: =0 -> 0 | F90: =0 -> 0 | G90: =96 -> 96 | H90: =0 -> 0 | I90: =0 -> 0 | J90: =48 -> 48 | K90: =0 -> 0 | L90: =96 -> 96
B91: 46228 | C91: 180 | D91: =180 -> 180 | E91: =0 -> 0 | F91: =0 -> 0 | G91: =0 -> 0 | H91: =0 -> 0 | I91: =0 -> 0 | J91: =0 -> 0 | K91: =0 -> 0 | L91: =0 -> 0
B92: 46228 | C92: 80 | D92: =0 -> 0 | E92: =0 -> 0 | F92: =0 -> 0 | G92: =0 -> 0 | H92: =0 -> 0 | I92: =0 -> 0 | J92: =0 -> 0 | K92: =0 -> 0 | L92: =80 -> 80
B93: 46229 | C93: 200 | D93: =0 -> 0 | E93: =0 -> 0 | F93: =0 -> 0 | G93: =0 -> 0 | H93: =0 -> 0 | I93: =0 -> 0 | J93: =0 -> 0 | K93: =0 -> 0 | L93: =200 -> 200
B94: 46229 | C94: 120 | D94: =0 -> 0 | E94: =0 -> 0 | F94: =0 -> 0 | G94: =0 -> 0 | H94: =0 -> 0 | I94: =0 -> 0 | J94: =0 -> 0 | K94: =0 -> 0 | L94: =120 -> 120
B95: 46229 | C95: 40 | D95: =0 -> 0 | E95: =0 -> 0 | F95: =0 -> 0 | G95: =40 -> 40 | H95: =0 -> 0 | I95: =0 -> 0 | J95: =0 -> 0 | K95: =0 -> 0 | L95: =0 -> 0
B96: 46230 | C96: 180 | D96: =0 -> 0 | E96: =0 -> 0 | F96: =0 -> 0 | G96: =0 -> 0 | H96: =0 -> 0 | I96: =0 -> 0 | J96: =0 -> 0 | K96: =0 -> 0 | L96: =180 -> 180
B97: 46230 | C97: 120 | D97: =0 -> 0 | E97: =0 -> 0 | F97: =0 -> 0 | G97: =0 -> 0 | H97: =0 -> 0 | I97: =0 -> 0 | J97: =120 -> 120 | K97: =0 -> 0 | L97: =0 -> 0
B98: 46230 | C98: 100 | D98: =50 -> 50 | E98: =0 -> 0 | F98: =0 -> 0 | G98: =0 -> 0 | H98: =0 -> 0 | I98: =0 -> 0 | J98: =0 -> 0 | K98: =50 -> 50 | L98: =0 -> 0
B99: 46230 | C99: 80 | D99: =0 -> 0 | E99: =0 -> 0 | F99: =0 -> 0 | G99: =0 -> 0 | H99: =0 -> 0 | I99: =0 -> 0 | J99: =0 -> 0 | K99: =0 -> 0 | L99: =80 -> 80
B100: 46230 | C100: 180 | D100: =0 -> 0 | E100: =0 -> 0 | F100: =0 -> 0 | G100: =0 -> 0 | H100: =0 -> 0 | I100: =0 -> 0 | J100: =180 -> 180 | K100: =0 -> 0 | L100: =0 -> 0
...

Sheet SalvageDownList
B1: Date | C1: Weight Down | D1: Iron and steel | E1: Aluminium | F1: Other Non-Ferrous | G1: Mixed Metals | H1: Ewaste | I1: Lead Acid Batteries | J1: Timber | K1: Bricks | L1: Building and Demolition | M1: Whitegoods | N1: Paper and Cardboard | O1: Plastics | P1: Glass | Q1: Mixed Materials
B2: 46204 | C2: 100 | D2: =40 -> 40 | E2: =20 -> 20 | F2: =0 -> 0 | G2: =0 -> 0 | H2: =10 -> 10 | I2: =0 -> 0 | J2: =0 -> 0 | K2: =0 -> 0 | L2: =0 -> 0 | M2: =0 -> 0 | N2: =0 -> 0 | O2: =10 -> 10 | P2: =0 -> 0 | Q2: =20 -> 20
B3: 46204 | C3: 660 | D3: =0 -> 0 | E3: =0 -> 0 | F3: =660 -> 660 | G3: =0 -> 0 | H3: =0 -> 0 | I3: =0 -> 0 | J3: =0 -> 0 | K3: =0 -> 0 | L3: =0 -> 0 | M3: =0 -> 0 | N3: =0 -> 0 | ... Q3: =0 -> 0
B4: 46204 | C4: 60 | D4: =12 -> 12 | E4: =0 -> 0 | F4: =0 -> 0 | G4: =0 -> 0 | H4: =48 -> 48 | I4: =0 -> 0 | J4: =0 -> 0 | K4: =0 -> 0 | L4: =0 -> 0 | M4: =0 -> 0 | N4: =0 -> 0 | O4: =0 -> 0 | P4: =0 -> 0 | Q4: =0 -> 0
B5: 46204 | C5: 120 | D5: =0 -> 0 | E5: =0 -> 0 | F5: =0 -> 0 | G5: =0 -> 0 | H5: =12 -> 12 | I5: =0 -> 0 | J5: =48 -> 48 | K5: =60 -> 60 | L5: =0 -> 0 | M5: =0 -> 0 | N5: =0 -> 0 | O5: =0 -> 0 | P5: =0 -> 0 | Q5: =0 -> 0
B6: 46204 | C6: 100 | D6: =0 -> 0 | E6: =0 -> 0 | F6: =0 -> 0 | G6: =0 -> 0 | H6: =0 -> 0 | I6: =100 -> 100 | J6: =0 -> 0 | K6: =0 -> 0 | L6: =0 -> 0 | M6: =0 -> 0 | N6: =0 -> 0 | O6: =0 -> 0 | P6: =0 -> 0 | Q6: =0 -> 0
B7: 46204 | C7: 80 | D7: =0 -> 0 | E7: =0 -> 0 | F7: =0 -> 0 | G7: =0 -> 0 | H7: =0 -> 0 | I7: =0 -> 0 | J7: =80 -> 80 | K7: =0 -> 0 | L7: =0 -> 0 | M7: =0 -> 0 | N7: =0 -> 0 | O7: =0 -> 0 | P7: =0 -> 0 | Q7: =0 -> 0
B8: 46205 | C8: 180 | D8: =0 -> 0 | E8: =0 -> 0 | F8: =36 -> 36 | G8: =0 -> 0 | H8: =36 -> 36 | I8: =0 -> 0 | J8: =0 -> 0 | K8: =0 -> 0 | L8: =0 -> 0 | M8: =0 -> 0 | N8: =0 -> 0 | O8: =36 -> 36 | P8: =0 -> 0 | Q8: =72 -> 72
B9: 46205 | C9: 80 | D9: =0 -> 0 | E9: =0 -> 0 | F9: =0 -> 0 | G9: =0 -> 0 | H9: =0 -> 0 | I9: =64 -> 64 | J9: =0 -> 0 | K9: =0 -> 0 | L9: =0 -> 0 | M9: =0 -> 0 | N9: =0 -> 0 | O9: =0 -> 0 | P9: =0 -> 0 | Q9: =16 -> 16
B10: 46205 | C10: 100 | D10: =0 -> 0 | E10: =0 -> 0 | F10: =0 -> 0 | G10: =0 -> 0 | H10: =100 -> 100 | I10: =0 -> 0 | J10: =0 -> 0 | K10: =0 -> 0 | L10: =0 -> 0 | M10: =0 -> 0 | N10: =0 -> 0 | O10: =0 -> 0 | P10: =0 -> 0 | Q10: =0 -> 0
B11: 46205 | C11: 580 | D11: =0 -> 0 | E11: =0 -> 0 | F11: =0 -> 0 | G11: =0 -> 0 | H11: =0 -> 0 | I11: =0 -> 0 | J11: =580 -> 580 | K11: =0 -> 0 | L11: =0 -> 0 | M11: =0 -> 0 | N11: =0 -> 0 | O11: =0 -> 0 | P11: =0 -> 0 | Q11: =0 -> 0
B12: 46206 | C12: 20 | D12: =20 -> 20 | E12: =0 -> 0 | F12: =0 -> 0 | G12: =0 -> 0 | H12: =0 -> 0 | I12: =0 -> 0 | J12: =0 -> 0 | K12: =0 -> 0 | L12: =0 -> 0 | ... Q12: =0 -> 0
B13: 46206 | C13: 20 | D13: 0 | E13: 0 | F13: 0 | G13: 0 | H13: 0 | I13: 0 | J13: 0 | K13: 0 | L13: 0 | M13: 0 | N13: 0 | O13: 0 | P13: 0 | Q13: 20
B14: 46206 | C14: 100 | D14: =0 -> 0 | E14: =0 -> 0 | F14: =0 -> 0 | G14: =0 -> 0 | H14: =0 -> 0 | I14: =0 -> 0 | J14: =10 -> 10 | K14: =90 -> 90 | L14: =0 -> 0 | M14: =0 -> 0 | N14: =0 -> 0 | O14: =0 -> 0 | P14: =0 -> 0 | Q14: =0 -> 0
B15: 46206 | C15: 100 | D15: =10 -> 10 | E15: =0 -> 0 | F15: =0 -> 0 | G15: =0 -> 0 | H15: =0 -> 0 | I15: =0 -> 0 | J15: =90 -> 90 | K15: =0 -> 0 | L15: =0 -> 0 | M15: =0 -> 0 | N15: =0 -> 0 | O15: =0 -> 0 | P15: =0 -> 0 | Q15: =0 -> 0
B16: 46206 | C16: 160 | D16: =64 -> 64 | E16: =0 -> 0 | F16: =0 -> 0 | G16: =0 -> 0 | H16: =0 -> 0 | I16: =96 -> 96 | J16: =0 -> 0 | K16: =0 -> 0 | L16: =0 -> 0 | M16: =0 -> 0 | N16: =0 -> 0 | O16: =0 -> 0 | P16: =0 -> 0 | Q16: =0 -> 0
B17: 46206 | C17: 280 | D17: =84 -> 84 | E17: =0 -> 0 | F17: =0 -> 0 | G17: =0 -> 0 | H17: =0 -> 0 | I17: =0 -> 0 | J17: =0 -> 0 | K17: =168 -> 168 | L17: =28 -> 28 | M17: =0 -> 0 | N17: =0 -> 0 | O17: =0 -> 0 | P17: =0 -> 0 | Q17: =0 -> 0
B18: 46207 | C18: 20 | D18: =6 -> 6 | E18: =0 -> 0 | F18: =0 -> 0 | G18: =0 -> 0 | H18: =0 -> 0 | I18: =0 -> 0 | J18: =6 -> 6 | K18: =0 -> 0 | L18: =0 -> 0 | M18: =0 -> 0 | N18: =0 -> 0 | O18: =6 -> 6 | P18: =0 -> 0 | Q18: =2 -> 2
B19: 46207 | C19: 100 | D19: =50 -> 50 | E19: =0 -> 0 | F19: =0 -> 0 | G19: =0 -> 0 | H19: =0 -> 0 | I19: =10 -> 10 | J19: =0 -> 0 | K19: =0 -> 0 | L19: =0 -> 0 | M19: =0 -> 0 | N19: =0 -> 0 | O19: =0 -> 0 | P19: =0 -> 0 | Q19: =40 -> 40
B20: 46208 | C20: 120 | D20: =24 -> 24 | E20: =0 -> 0 | F20: =0 -> 0 | G20: =0 -> 0 | H20: =84 -> 84 | I20: =0 -> 0 | J20: =0 -> 0 | K20: =0 -> 0 | L20: =0 -> 0 | M20: =0 -> 0 | N20: =0 -> 0 | O20: =0 -> 0 | P20: =0 -> 0 | Q20: =12 -> 12
B21: 46209 | C21: 100 | D21: =30 -> 30 | E21: =0 -> 0 | F21: =0 -> 0 | G21: =0 -> 0 | H21: =10 -> 10 | I21: =0 -> 0 | J21: =50 -> 50 | K21: =0 -> 0 | L21: =0 -> 0 | M21: =0 -> 0 | N21: =0 -> 0 | O21: =10 -> 10 | P21: =0 -> 0 | Q21: =0 -> 0
B22: 46209 | C22: 60 | D22: 0 | E22: 0 | F22: 0 | G22: 0 | H22: 0 | I22: 0 | J22: 0 | K22: 0 | L22: 0 | M22: 0 | N22: 0 | O22: 0 | P22: 0 | Q22: 60
B23: 46209 | C23: 80 | D23: 0 | E23: 0 | F23: 0 | G23: 0 | H23: 0 | I23: 0 | J23: 0 | K23: 0 | L23: 0 | M23: 0 | N23: 0 | O23: 0 | P23: 0 | Q23: 80
B24: 46209 | C24: 120 | D24: =60 -> 60 | E24: =0 -> 0 | F24: =0 -> 0 | G24: =0 -> 0 | H24: =0 -> 0 | I24: =0 -> 0 | J24: =60 -> 60 | K24: =0 -> 0 | L24: =0 -> 0 | M24: =0 -> 0 | N24: =0 -> 0 | O24: =0 -> 0 | P24: =0 -> 0 | Q24: =0 -> 0
B25: 46209 | C25: 60 | D25: 0 | E25: 0 | F25: 0 | G25: 0 | H25: 0 | I25: 0 | J25: 0 | K25: 0 | L25: 0 | M25: 0 | N25: 0 | O25: 0 | P25: 0 | Q25: 60
B26: 46210 | C26: 100 | D26: =0 -> 0 | E26: =0 -> 0 | F26: =0 -> 0 | G26: =90 -> 90 | H26: =0 -> 0 | I26: =10 -> 10 | J26: =0 -> 0 | K26: =0 -> 0 | L26: =0 -> 0 | M26: =0 -> 0 | N26: =0 -> 0 | O26: =0 -> 0 | P26: =0 -> 0 | Q26: =0 -> 0
B27: 46210 | C27: 40 | D27: 0 | E27: 0 | F27: 0 | G27: 0 | H27: 0 | I27: 0 | J27: 0 | K27: 0 | L27: 0 | M27: 0 | N27: 0 | O27: 0 | P27: 0 | Q27: 40
B28: 46210 | C28: 40 | D28: 0 | E28: 0 | F28: 0 | G28: 0 | H28: 0 | I28: 0 | J28: 0 | K28: 0 | L28: 0 | M28: 0 | N28: 0 | O28: 0 | P28: 0 | Q28: 40
B29: 46210 | C29: 120 | D29: =0 -> 0 | E29: =0 -> 0 | F29: =24 -> 24 | G29: =0 -> 0 | H29: =0 -> 0 | I29: =0 -> 0 | J29: =12 -> 12 | K29: =84 -> 84 | L29: =0 -> 0 | M29: =0 -> 0 | N29: =0 -> 0 | O29: =0 -> 0 | P29: =0 -> 0 | Q29: =0 -> 0
B30: 46210 | C30: 100 | D30: =0 -> 0 | E30: =0 -> 0 | F30: =0 -> 0 | G30: =0 -> 0 | H30: =50 -> 50 | I30: =0 -> 0 | J30: =0 -> 0 | K30: =0 -> 0 | L30: =50 -> 50 | M30: =0 -> 0 | N30: =0 -> 0 | O30: =0 -> 0 | P30: =0 -> 0 | Q30: =0 -> 0
B31: 46211 | C31: 380 | D31: =76 -> 76 | E31: =304 -> 304 | F31: =0 -> 0 | G31: =0 -> 0 | H31: =0 -> 0 | I31: =0 -> 0 | J31: =0 -> 0 | K31: =0 -> 0 | L31: =0 -> 0 | M31: =0 -> 0 | ... Q31: =0 -> 0
B32: 46211 | C32: 160 | D32: =0 -> 0 | E32: =0 -> 0 | F32: =0 -> 0 | G32: =0 -> 0 | H32: =0 -> 0 | I32: =0 -> 0 | J32: =160 -> 160 | K32: =0 -> 0 | L32: =0 -> 0 | M32: =0 -> 0 | N32: =0 -> 0 | O32: =0 -> 0 | P32: =0 -> 0 | Q32: =0 -> 0
B33: 46211 | C33: 160 | D33: =0 -> 0 | E33: =0 -> 0 | F33: =0 -> 0 | G33: =0 -> 0 | H33: =0 -> 0 | I33: =0 -> 0 | J33: =160 -> 160 | K33: =0 -> 0 | L33: =0 -> 0 | M33: =0 -> 0 | N33: =0 -> 0 | O33: =0 -> 0 | P33: =0 -> 0 | Q33: =0 -> 0
B34: 46211 | C34: 240 | D34: =216 -> 216 | E34: =24 -> 24 | F34: =0 -> 0 | G34: =0 -> 0 | H34: =0 -> 0 | I34: =0 -> 0 | J34: =0 -> 0 | K34: =0 -> 0 | L34: =0 -> 0 | M34: =0 -> 0 | ... Q34: =0 -> 0
B35: 46212 | C35: 120 | D35: =0 -> 0 | E35: =0 -> 0 | F35: =0 -> 0 | G35: =0 -> 0 | H35: =0 -> 0 | I35: =24 -> 24 | J35: =0 -> 0 | K35: =0 -> 0 | L35: =0 -> 0 | M35: =0 -> 0 | N35: =0 -> 0 | O35: =0 -> 0 | P35: =0 -> 0 | Q35: =96 -> 96
B36: 46212 | C36: 100 | D36: =30 -> 30 | E36: =0 -> 0 | F36: =0 -> 0 | G36: =0 -> 0 | H36: =0 -> 0 | I36: =0 -> 0 | J36: =0 -> 0 | K36: =0 -> 0 | L36: =0 -> 0 | ... P36: =0 -> 0 | Q36: =70 -> 70
B37: 46212 | C37: 200 | D37: =200 -> 200 | E37: =0 -> 0 | F37: =0 -> 0 | G37: =0 -> 0 | H37: =0 -> 0 | I37: =0 -> 0 | J37: =0 -> 0 | K37: =0 -> 0 | L37: =0 -> 0 | ... Q37: =0 -> 0
B38: 46212 | C38: 100 | D38: 0 | E38: 0 | F38: 0 | G38: 0 | H38: 0 | I38: 0 | J38: 0 | K38: 0 | L38: 0 | M38: 0 | N38: 0 | O38: 0 | P38: 0 | Q38: 100
B39: 46212 | C39: 40 | D39: =0 -> 0 | E39: =0 -> 0 | F39: =0 -> 0 | G39: =0 -> 0 | H39: =40 -> 40 | I39: =0 -> 0 | J39: =0 -> 0 | K39: =0 -> 0 | L39: =0 -> 0 | M39: =0 -> 0 | N39: =0 -> 0 | O39: =0 -> 0 | P39: =0 -> 0 | Q39: =0 -> 0
B40: 46213 | C40: 460 | D40: =0 -> 0 | E40: =46 -> 46 | F40: =0 -> 0 | G40: =138 -> 138 | H40: =0 -> 0 | I40: =0 -> 0 | J40: =276 -> 276 | K40: =0 -> 0 | L40: =0 -> 0 | M40: =0 -> 0 | N40: =0 -> 0 | O40: =0 -> 0 | P40: =0 -> 0 | Q40: =0 -> 0
B41: 46213 | C41: 160 | D41: =64 -> 64 | E41: =0 -> 0 | F41: =0 -> 0 | G41: =0 -> 0 | H41: =16 -> 16 | I41: =16 -> 16 | J41: =64 -> 64 | K41: =0 -> 0 | L41: =0 -> 0 | M41: =0 -> 0 | N41: =0 -> 0 | O41: =0 -> 0 | P41: =0 -> 0 | Q41: =0 -> 0
B42: 46213 | C42: 280 | D42: =0 -> 0 | E42: =0 -> 0 | F42: =0 -> 0 | G42: =0 -> 0 | H42: =0 -> 0 | I42: =0 -> 0 | J42: =252 -> 252 | K42: =0 -> 0 | L42: =0 -> 0 | M42: =0 -> 0 | N42: =0 -> 0 | O42: =28 -> 28 | P42: =0 -> 0 | Q42: =0 -> 0
B43: 46213 | C43: 80 | D43: =16 -> 16 | E43: =0 -> 0 | F43: =16 -> 16 | G43: =0 -> 0 | H43: =0 -> 0 | I43: =0 -> 0 | J43: =32 -> 32 | K43: =0 -> 0 | L43: =0 -> 0 | M43: =0 -> 0 | N43: =0 -> 0 | O43: =0 -> 0 | P43: =0 -> 0 | Q43: =16 -> 16
B44: 46214 | C44: 80 | D44: =0 -> 0 | E44: =0 -> 0 | F44: =0 -> 0 | G44: =0 -> 0 | H44: =0 -> 0 | I44: =64 -> 64 | J44: =0 -> 0 | K44: =0 -> 0 | L44: =0 -> 0 | M44: =0 -> 0 | N44: =0 -> 0 | O44: =0 -> 0 | P44: =0 -> 0 | Q44: =16 -> 16
B45: 46214 | C45: 100 | D45: =0 -> 0 | E45: =0 -> 0 | F45: =0 -> 0 | G45: =40 -> 40 | H45: =0 -> 0 | I45: =0 -> 0 | J45: =30 -> 30 | K45: =0 -> 0 | L45: =0 -> 0 | M45: =0 -> 0 | N45: =0 -> 0 | O45: =0 -> 0 | P45: =0 -> 0 | Q45: =30 -> 30
B46: 46214 | C46: 60 | D46: =0 -> 0 | E46: =0 -> 0 | F46: =12 -> 12 | G46: =0 -> 0 | H46: =0 -> 0 | I46: =0 -> 0 | J46: =42 -> 42 | K46: =0 -> 0 | L46: =0 -> 0 | M46: =0 -> 0 | N46: =0 -> 0 | O46: =0 -> 0 | P46: =0 -> 0 | Q46: =6 -> 6
B47: 46215 | C47: 220 | D47: =0 -> 0 | E47: =22 -> 22 | F47: =0 -> 0 | G47: =0 -> 0 | H47: =0 -> 0 | I47: =0 -> 0 | J47: =132 -> 132 | K47: =0 -> 0 | L47: =0 -> 0 | M47: =0 -> 0 | N47: =0 -> 0 | O47: =66 -> 66 | P47: =0 -> 0 | Q47: =0 -> 0
B48: 46215 | C48: 60 | D48: =30 -> 30 | E48: =0 -> 0 | F48: =0 -> 0 | G48: =0 -> 0 | H48: =0 -> 0 | I48: =0 -> 0 | J48: =30 -> 30 | K48: =0 -> 0 | L48: =0 -> 0 | M48: =0 -> 0 | N48: =0 -> 0 | O48: =0 -> 0 | P48: =0 -> 0 | Q48: =0 -> 0
B49: 46216 | C49: 60 | D49: =18 -> 18 | E49: =0 -> 0 | F49: =0 -> 0 | G49: =0 -> 0 | H49: =30 -> 30 | I49: =0 -> 0 | J49: =12 -> 12 | K49: =0 -> 0 | L49: =0 -> 0 | M49: =0 -> 0 | N49: =0 -> 0 | O49: =0 -> 0 | P49: =0 -> 0 | Q49: =0 -> 0
B50: 46216 | C50: 50 | D50: =0 -> 0 | E50: =0 -> 0 | F50: =0 -> 0 | G50: =0 -> 0 | H50: =10 -> 10 | I50: =0 -> 0 | J50: =40 -> 40 | K50: =0 -> 0 | L50: =0 -> 0 | M50: =0 -> 0 | N50: =0 -> 0 | O50: =0 -> 0 | P50: =0 -> 0 | Q50: =0 -> 0
B51: 46216 | C51: 80 | D51: =56 -> 56 | E51: =0 -> 0 | F51: =0 -> 0 | G51: =16 -> 16 | H51: =0 -> 0 | I51: =0 -> 0 | J51: =0 -> 0 | K51: =0 -> 0 | L51: =0 -> 0 | M51: =0 -> 0 | N51: =0 -> 0 | O51: =8 -> 8 | P51: =0 -> 0 | Q51: =0 -> 0
B52: 46217 | C52: 200 | D52: =0 -> 0 | E52: =0 -> 0 | F52: =0 -> 0 | G52: =0 -> 0 | H52: =180 -> 180 | I52: =0 -> 0 | J52: =0 -> 0 | K52: =0 -> 0 | L52: =0 -> 0 | M52: =0 -> 0 | N52: =0 -> 0 | O52: =0 -> 0 | P52: =0 -> 0 | Q52: =20 -> 20
B53: 46217 | C53: 160 | D53: =0 -> 0 | E53: =0 -> 0 | F53: =0 -> 0 | G53: =48 -> 48 | H53: =80 -> 80 | I53: =0 -> 0 | J53: =0 -> 0 | K53: =0 -> 0 | L53: =0 -> 0 | M53: =0 -> 0 | N53: =0 -> 0 | O53: =0 -> 0 | P53: =0 -> 0 | Q53: =32 -> 32
B54: 46217 | C54: 260 | D54: =0 -> 0 | E54: =0 -> 0 | F54: =0 -> 0 | G54: =78 -> 78 | H54: =26 -> 26 | I54: =0 -> 0 | J54: =0 -> 0 | K54: =0 -> 0 | L54: =0 -> 0 | M54: =0 -> 0 | N54: =0 -> 0 | O54: =0 -> 0 | P54: =0 -> 0 | Q54: =156 -> 156
B55: 46218 | C55: 100 | D55: =100 -> 100 | E55: =0 -> 0 | F55: =0 -> 0 | G55: =0 -> 0 | H55: =0 -> 0 | I55: =0 -> 0 | J55: =0 -> 0 | K55: =0 -> 0 | L55: =0 -> 0 | ... Q55: =0 -> 0
B56: 46218 | C56: 120 | D56: =0 -> 0 | E56: =0 -> 0 | F56: =0 -> 0 | G56: =0 -> 0 | H56: =0 -> 0 | I56: =0 -> 0 | J56: =96 -> 96 | K56: =0 -> 0 | L56: =0 -> 0 | M56: =0 -> 0 | N56: =0 -> 0 | O56: =0 -> 0 | P56: =0 -> 0 | Q56: =24 -> 24
B57: 46218 | C57: 140 | D57: =98 -> 98 | E57: =0 -> 0 | F57: =0 -> 0 | G57: =0 -> 0 | H57: =14 -> 14 | I57: =0 -> 0 | J57: =28 -> 28 | K57: =0 -> 0 | L57: =0 -> 0 | M57: =0 -> 0 | N57: =0 -> 0 | O57: =0 -> 0 | P57: =0 -> 0 | Q57: =0 -> 0
B58: 46219 | C58: 60 | D58: =60 -> 60 | E58: =0 -> 0 | F58: =0 -> 0 | G58: =0 -> 0 | H58: =0 -> 0 | I58: =0 -> 0 | J58: =0 -> 0 | K58: =0 -> 0 | L58: =0 -> 0 | ... Q58: =0 -> 0
B59: 46219 | C59: 80 | D59: =0 -> 0 | E59: =0 -> 0 | F59: =0 -> 0 | G59: =0 -> 0 | H59: =80 -> 80 | I59: =0 -> 0 | J59: =0 -> 0 | K59: =0 -> 0 | L59: =0 -> 0 | M59: =0 -> 0 | N59: =0 -> 0 | O59: =0 -> 0 | P59: =0 -> 0 | Q59: =0 -> 0
B60: 46219 | C60: 160 | D60: =24 -> 24 | E60: =0 -> 0 | F60: =8 -> 8 | G60: =0 -> 0 | H60: =32 -> 32 | I60: =0 -> 0 | J60: =0 -> 0 | K60: =0 -> 0 | L60: =0 -> 0 | M60: =0 -> 0 | N60: =0 -> 0 | O60: =32 -> 32 | P60: =32 -> 32 | Q60: =32 -> 32
B61: 46219 | C61: 60 | D61: =60 -> 60 | E61: =0 -> 0 | F61: =0 -> 0 | G61: =0 -> 0 | H61: =0 -> 0 | I61: =0 -> 0 | J61: =0 -> 0 | K61: =0 -> 0 | L61: =0 -> 0 | ... Q61: =0 -> 0
B62: 46219 | C62: 60 | D62: 0 | E62: 0 | F62: 0 | G62: 0 | H62: 0 | I62: 0 | J62: 0 | K62: 0 | L62: 0 | M62: 0 | N62: 0 | O62: 0 | P62: 0 | Q62: 60
B63: 46220 | C63: 100 | D63: =80 -> 80 | E63: =0 -> 0 | F63: =0 -> 0 | G63: =0 -> 0 | H63: =0 -> 0 | I63: =0 -> 0 | J63: =10 -> 10 | K63: =0 -> 0 | L63: =0 -> 0 | M63: =0 -> 0 | N63: =0 -> 0 | O63: =0 -> 0 | P63: =0 -> 0 | Q63: =10 -> 10
B64: 46220 | C64: 100 | D64: =0 -> 0 | E64: =0 -> 0 | F64: =90 -> 90 | G64: =0 -> 0 | H64: =0 -> 0 | I64: =0 -> 0 | J64: =0 -> 0 | K64: =0 -> 0 | L64: =0 -> 0 | M64: =0 -> 0 | N64: =0 -> 0 | ... P64: =0 -> 0 | Q64: =10 -> 10
B65: 46220 | C65: 80 | D65: =48 -> 48 | E65: =0 -> 0 | F65: =16 -> 16 | G65: =0 -> 0 | H65: =0 -> 0 | I65: =0 -> 0 | J65: =16 -> 16 | K65: =0 -> 0 | L65: =0 -> 0 | M65: =0 -> 0 | N65: =0 -> 0 | O65: =0 -> 0 | P65: =0 -> 0 | Q65: =0 -> 0
B66: 46220 | C66: 300 | D66: =90 -> 90 | E66: =0 -> 0 | F66: =0 -> 0 | G66: =0 -> 0 | H66: =0 -> 0 | I66: =0 -> 0 | J66: =150 -> 150 | K66: =30 -> 30 | L66: =0 -> 0 | M66: =0 -> 0 | N66: =0 -> 0 | O66: =0 -> 0 | P66: =0 -> 0 | Q66: =30 -> 30
B67: 46221 | C67: 200 | D67: =0 -> 0 | E67: =0 -> 0 | F67: =0 -> 0 | G67: =0 -> 0 | H67: =100 -> 100 | I67: =0 -> 0 | J67: =100 -> 100 | K67: =0 -> 0 | L67: =0 -> 0 | M67: =0 -> 0 | N67: =0 -> 0 | O67: =0 -> 0 | P67: =0 -> 0 | Q67: =0 -> 0
B68: 46221 | C68: 160 | D68: =32 -> 32 | E68: =0 -> 0 | F68: =0 -> 0 | G68: =0 -> 0 | H68: =0 -> 0 | I68: =0 -> 0 | J68: =80 -> 80 | K68: =0 -> 0 | L68: =0 -> 0 | M68: =0 -> 0 | N68: =0 -> 0 | O68: =0 -> 0 | P68: =0 -> 0 | Q68: =48 -> 48
B69: 46221 | C69: 120 | D69: =60 -> 60 | E69: =36 -> 36 | F69: =0 -> 0 | G69: =0 -> 0 | H69: =0 -> 0 | I69: =0 -> 0 | J69: =24 -> 24 | K69: =0 -> 0 | L69: =0 -> 0 | M69: =0 -> 0 | N69: =0 -> 0 | O69: =0 -> 0 | P69: =0 -> 0 | Q69: =0 -> 0
B70: 46222 | C70: 80 | D70: =8 -> 8 | E70: =0 -> 0 | F70: =16 -> 16 | G70: =0 -> 0 | H70: =24 -> 24 | I70: =0 -> 0 | J70: =0 -> 0 | K70: =0 -> 0 | L70: =0 -> 0 | M70: =0 -> 0 | N70: =0 -> 0 | O70: =24 -> 24 | P70: =0 -> 0 | Q70: =8 -> 8
B71: 46222 | C71: 80 | D71: =40 -> 40 | E71: =40 -> 40 | F71: =0 -> 0 | G71: =0 -> 0 | H71: =0 -> 0 | I71: =0 -> 0 | J71: =0 -> 0 | K71: =0 -> 0 | L71: =0 -> 0 | M71: =0 -> 0 | ... Q71: =0 -> 0
B72: 46222 | C72: 100 | D72: =0 -> 0 | E72: =0 -> 0 | F72: =0 -> 0 | G72: =90 -> 90 | H72: =0 -> 0 | I72: =0 -> 0 | J72: =0 -> 0 | K72: =0 -> 0 | L72: =0 -> 0 | M72: =0 -> 0 | N72: =10 -> 10 | O72: =0 -> 0 | P72: =0 -> 0 | Q72: =0 -> 0
B73: 46223 | C73: 60 | D73: =0 -> 0 | E73: =0 -> 0 | F73: =60 -> 60 | G73: =0 -> 0 | H73: =0 -> 0 | I73: =0 -> 0 | J73: =0 -> 0 | K73: =0 -> 0 | L73: =0 -> 0 | M73: =0 -> 0 | N73: =0 -> 0 | ... Q73: =0 -> 0
B74: 46223 | C74: 260 | D74: =104 -> 104 | E74: =0 -> 0 | F74: =0 -> 0 | G74: =0 -> 0 | H74: =0 -> 0 | I74: =26 -> 26 | J74: =104 -> 104 | K74: =0 -> 0 | L74: =0 -> 0 | M74: =0 -> 0 | N74: =0 -> 0 | O74: =26 -> 26 | P74: =0 -> 0 | Q74: =0 -> 0
B75: 46223 | C75: 440 | D75: =44 -> 44 | E75: =0 -> 0 | F75: =0 -> 0 | G75: =0 -> 0 | H75: =0 -> 0 | I75: =0 -> 0 | J75: =352 -> 352 | K75: =0 -> 0 | L75: =0 -> 0 | M75: =0 -> 0 | N75: =0 -> 0 | O75: =0 -> 0 | P75: =0 -> 0 | Q75: =44 -> 44
B76: 46223 | C76: 60 | D76: =12 -> 12 | E76: =6 -> 6 | F76: =0 -> 0 | G76: =0 -> 0 | H76: =0 -> 0 | I76: =0 -> 0 | J76: =0 -> 0 | K76: =0 -> 0 | L76: =0 -> 0 | M76: =0 -> 0 | ... P76: =0 -> 0 | Q76: =42 -> 42
B77: 46224 | C77: 200 | D77: =180 -> 180 | E77: =0 -> 0 | F77: =0 -> 0 | G77: =0 -> 0 | H77: =20 -> 20 | I77: =0 -> 0 | J77: =0 -> 0 | K77: =0 -> 0 | L77: =0 -> 0 | M77: =0 -> 0 | N77: =0 -> 0 | O77: =0 -> 0 | P77: =0 -> 0 | Q77: =0 -> 0
B78: 46224 | C78: 140 | D78: =56 -> 56 | E78: =0 -> 0 | F78: =0 -> 0 | G78: =0 -> 0 | H78: =56 -> 56 | I78: =0 -> 0 | J78: =28 -> 28 | K78: =0 -> 0 | L78: =0 -> 0 | M78: =0 -> 0 | N78: =0 -> 0 | O78: =0 -> 0 | P78: =0 -> 0 | Q78: =0 -> 0
B79: 46225 | C79: 120 | D79: =0 -> 0 | E79: =0 -> 0 | F79: =0 -> 0 | G79: =24 -> 24 | H79: =0 -> 0 | I79: =72 -> 72 | J79: =0 -> 0 | K79: =0 -> 0 | L79: =0 -> 0 | M79: =0 -> 0 | N79: =0 -> 0 | O79: =0 -> 0 | P79: =0 -> 0 | Q79: =24 -> 24
B80: 46225 | C80: 140 | D80: =0 -> 0 | E80: =56 -> 56 | F80: =0 -> 0 | G80: =42 -> 42 | H80: =0 -> 0 | I80: =0 -> 0 | J80: =42 -> 42 | K80: =0 -> 0 | L80: =0 -> 0 | M80: =0 -> 0 | N80: =0 -> 0 | O80: =0 -> 0 | P80: =0 -> 0 | Q80: =0 -> 0
B81: 46225 | C81: 60 | D81: =0 -> 0 | E81: =0 -> 0 | F81: =0 -> 0 | G81: =12 -> 12 | H81: =0 -> 0 | I81: =0 -> 0 | J81: =0 -> 0 | K81: =0 -> 0 | L81: =0 -> 0 | M81: =0 -> 0 | N81: =0 -> 0 | O81: =0 -> 0 | P81: =0 -> 0 | Q81: =48 -> 48
B82: 46226 | C82: 140 | D82: =70 -> 70 | E82: =0 -> 0 | F82: =0 -> 0 | G82: =0 -> 0 | H82: =14 -> 14 | I82: =56 -> 56 | J82: =0 -> 0 | K82: =0 -> 0 | L82: =0 -> 0 | M82: =0 -> 0 | N82: =0 -> 0 | O82: =0 -> 0 | P82: =0 -> 0 | Q82: =0 -> 0
B83: 46226 | C83: 160 | D83: =48 -> 48 | E83: =0 -> 0 | F83: =0 -> 0 | G83: =16 -> 16 | H83: =0 -> 0 | I83: =48 -> 48 | J83: =0 -> 0 | K83: =0 -> 0 | L83: =0 -> 0 | M83: =0 -> 0 | N83: =0 -> 0 | O83: =16 -> 16 | P83: =0 -> 0 | Q83: =32 -> 32
B84: 46226 | C84: 60 | D84: =0 -> 0 | E84: =0 -> 0 | F84: =0 -> 0 | G84: =0 -> 0 | H84: =0 -> 0 | I84: =0 -> 0 | J84: =30 -> 30 | K84: =0 -> 0 | L84: =0 -> 0 | M84: =0 -> 0 | N84: =0 -> 0 | O84: =30 -> 30 | P84: =0 -> 0 | Q84: =0 -> 0
B85: 46227 | C85: 100 | D85: =0 -> 0 | E85: =0 -> 0 | F85: =0 -> 0 | G85: =0 -> 0 | H85: =0 -> 0 | I85: =20 -> 20 | J85: =0 -> 0 | K85: =0 -> 0 | L85: =0 -> 0 | M85: =0 -> 0 | N85: =0 -> 0 | O85: =0 -> 0 | P85: =0 -> 0 | Q85: =80 -> 80
B86: 46227 | C86: 60 | D86: =0 -> 0 | E86: =0 -> 0 | F86: =0 -> 0 | G86: =0 -> 0 | H86: =0 -> 0 | I86: =0 -> 0 | J86: =0 -> 0 | K86: =0 -> 0 | ... P86: =0 -> 0 | Q86: =60 -> 60
B87: 46227 | C87: 300 | D87: =60 -> 60 | E87: =0 -> 0 | F87: =0 -> 0 | G87: =0 -> 0 | H87: =0 -> 0 | I87: =0 -> 0 | J87: =210 -> 210 | K87: =0 -> 0 | L87: =0 -> 0 | M87: =0 -> 0 | N87: =0 -> 0 | O87: =0 -> 0 | P87: =0 -> 0 | Q87: =30 -> 30
B88: 46227 | C88: 160 | D88: =32 -> 32 | E88: =0 -> 0 | F88: =0 -> 0 | G88: =0 -> 0 | H88: =0 -> 0 | I88: =0 -> 0 | J88: =0 -> 0 | K88: =0 -> 0 | L88: =0 -> 0 | ... N88: =0 -> 0 | O88: =48 -> 48 | P88: =0 -> 0 | Q88: =80 -> 80
B89: 46227 | C89: 60 | D89: =0 -> 0 | E89: =0 -> 0 | F89: =0 -> 0 | G89: =0 -> 0 | H89: =0 -> 0 | I89: =0 -> 0 | J89: =0 -> 0 | K89: =0 -> 0 | ... P89: =0 -> 0 | Q89: =60 -> 60
B90: 46228 | C90: 140 | D90: =28 -> 28 | E90: =28 -> 28 | F90: =0 -> 0 | G90: =0 -> 0 | H90: =0 -> 0 | I90: =14 -> 14 | J90: =28 -> 28 | K90: =0 -> 0 | L90: =0 -> 0 | M90: =0 -> 0 | N90: =0 -> 0 | O90: =28 -> 28 | P90: =0 -> 0 | Q90: =14 -> 14
B91: 46228 | C91: 220 | D91: =0 -> 0 | E91: =0 -> 0 | F91: =0 -> 0 | G91: =0 -> 0 | H91: =0 -> 0 | I91: =0 -> 0 | J91: =176 -> 176 | K91: =0 -> 0 | L91: =0 -> 0 | M91: =0 -> 0 | N91: =0 -> 0 | O91: =0 -> 0 | P91: =0 -> 0 | Q91: =44 -> 44
B92: 46229 | C92: 140 | D92: =0 -> 0 | E92: =0 -> 0 | F92: =0 -> 0 | G92: =0 -> 0 | H92: =0 -> 0 | I92: =7 -> 7 | J92: =133 -> 133 | K92: =0 -> 0 | L92: =0 -> 0 | M92: =0 -> 0 | N92: =0 -> 0 | O92: =0 -> 0 | P92: =0 -> 0 | Q92: =0 -> 0
B93: 46229 | C93: 100 | D93: =0 -> 0 | E93: =0 -> 0 | F93: =0 -> 0 | G93: =0 -> 0 | H93: =10 -> 10 | I93: =0 -> 0 | J93: =0 -> 0 | K93: =0 -> 0 | L93: =0 -> 0 | M93: =0 -> 0 | N93: =0 -> 0 | O93: =0 -> 0 | P93: =0 -> 0 | Q93: =90 -> 90
B94: 46229 | C94: 140 | D94: =0 -> 0 | E94: =0 -> 0 | F94: =0 -> 0 | G94: =0 -> 0 | H94: =0 -> 0 | I94: =14 -> 14 | J94: =0 -> 0 | K94: =0 -> 0 | L94: =0 -> 0 | M94: =0 -> 0 | N94: =0 -> 0 | O94: =0 -> 0 | P94: =0 -> 0 | Q94: =126 -> 126
B95: 46230 | C95: 100 | D95: =60 -> 60 | E95: =10 -> 10 | F95: =10 -> 10 | G95: =0 -> 0 | H95: =20 -> 20 | I95: =0 -> 0 | J95: =0 -> 0 | K95: =0 -> 0 | L95: =0 -> 0 | M95: =0 -> 0 | N95: =0 -> 0 | O95: =0 -> 0 | P95: =0 -> 0 | Q95: =0 -> 0
B96: 46230 | C96: 120 | D96: =0 -> 0 | E96: =0 -> 0 | F96: =0 -> 0 | G96: =0 -> 0 | H96: =0 -> 0 | I96: =108 -> 108 | J96: =0 -> 0 | K96: =0 -> 0 | L96: =0 -> 0 | M96: =0 -> 0 | N96: =0 -> 0 | O96: =0 -> 0 | P96: =0 -> 0 | Q96: =12 -> 12
B97: 46230 | C97: 60 | D97: =0 -> 0 | E97: =0 -> 0 | F97: =0 -> 0 | G97: =0 -> 0 | H97: =0 -> 0 | I97: =0 -> 0 | J97: =0 -> 0 | K97: =0 -> 0 | ... P97: =0 -> 0 | Q97: =60 -> 60
B98: 46230 | C98: 100 | D98: =10 -> 10 | E98: =60 -> 60 | F98: =0 -> 0 | G98: =0 -> 0 | H98: =0 -> 0 | I98: =0 -> 0 | J98: =0 -> 0 | K98: =0 -> 0 | L98: =0 -> 0 | M98: =0 -> 0 | ... P98: =0 -> 0 | Q98: =30 -> 30
B99: 46230 | C99: 100 | D99: =20 -> 20 | E99: =20 -> 20 | F99: =0 -> 0 | G99: =0 -> 0 | H99: =30 -> 30 | I99: =0 -> 0 | J99: =0 -> 0 | K99: =0 -> 0 | L99: =0 -> 0 | M99: =0 -> 0 | N99: =0 -> 0 | O99: =0 -> 0 | P99: =0 -> 0 | Q99: =30 -> 30
B100: 46231 | C100: 60 | D100: =0 -> 0 | E100: =0 -> 0 | F100: =0 -> 0 | G100: =36 -> 36 | H100: =0 -> 0 | I100: =0 -> 0 | J100: =0 -> 0 | K100: =0 -> 0 | L100: =0 -> 0 | M100: =0 -> 0 | N100: =0 -> 0 | O100: =0 -> 0 | P100: =0 -> 0 | Q100: =24 -> 24
...

Sheet CrateList
B1: Date | C1: Iron and steel | D1: Aluminium | E1: Other non-ferrous | F1: Mixed metals | G1: Textiles | H1: Mattresses | I1: Timber | J1: Bricks | K1: Demolition | L1: Paper and cardboard | M1: Plastics | N1: Glass | O1: Mixed materials
B2: 46204 | C2: =0 -> 0 | D2: =0 -> 0 | E2: =0 -> 0 | F2: =11.2 -> 11.2 | G2: =44.8 -> 44.8 | H2: =0 -> 0 | I2: =0 -> 0 | J2: =0 -> 0 | K2: =0 -> 0 | L2: =22.4 -> 22.4 | M2: =11.2 -> 11.2 | N2: =0 -> 0 | O2: =22.4 -> 22.4
B3: 46204 | C3: =0 -> 0 | D3: =0 -> 0 | E3: =0 -> 0 | F3: =31 -> 31 | G3: =46.5 -> 46.5 | H3: =0 -> 0 | I3: =0 -> 0 | J3: =0 -> 0 | K3: =0 -> 0 | L3: =46.5 -> 46.5 | M3: =31 -> 31 | N3: =0 -> 0 | O3: =0 -> 0
B4: 46204 | C4: =0 -> 0 | D4: =0 -> 0 | E4: =0 -> 0 | F4: =0 -> 0 | G4: =17.7 -> 17.7 | H4: =0 -> 0 | I4: =0 -> 0 | J4: =0 -> 0 | K4: =0 -> 0 | L4: =17.7 -> 17.7 | M4: =5.9 -> 5.9 | N4: =0 -> 0 | O4: =17.7 -> 17.7
B5: 46204 | C5: 0 | D5: 0 | E5: 0 | F5: 0 | G5: 0 | H5: 0 | I5: 0 | J5: 0 | K5: 0 | L5: 0 | M5: 0 | N5: 0 | O5: =142 -> 142
B6: 46204 | C6: =0 -> 0 | D6: =0 -> 0 | E6: =0 -> 0 | F6: =0 -> 0 | G6: =42.6 -> 42.6 | H6: =0 -> 0 | I6: =0 -> 0 | J6: =0 -> 0 | K6: =0 -> 0 | L6: =0 -> 0 | M6: =21.3 -> 21.3 | N6: =14.2 -> 14.2 | O6: =63.9 -> 63.9
B7: 46205 | C7: =0 -> 0 | D7: =0 -> 0 | E7: =0 -> 0 | F7: =0 -> 0 | G7: =95.2 -> 95.2 | H7: =0 -> 0 | I7: =0 -> 0 | J7: =0 -> 0 | K7: =0 -> 0 | L7: =0 -> 0 | M7: =0 -> 0 | N7: =0 -> 0 | O7: =23.8 -> 23.8
B8: 46205 | C8: 0 | D8: 0 | E8: 0 | F8: 0 | G8: 0 | H8: 0 | I8: 0 | J8: 0 | K8: 0 | L8: 0 | M8: 0 | N8: 0 | O8: =33.4 -> 33.4
B9: 46205 | C9: =0 -> 0 | D9: =0 -> 0 | E9: =0 -> 0 | F9: =0 -> 0 | G9: =0 -> 0 | H9: =0 -> 0 | I9: =0 -> 0 | J9: =0 -> 0 | ... L9: =0 -> 0 | M9: =107.2 -> 107.2 | N9: =0 -> 0 | O9: =26.8 -> 26.8
B10: 46206 | C10: =0 -> 0 | D10: =0 -> 0 | E10: =0 -> 0 | F10: =0 -> 0 | G10: =0 -> 0 | H10: =0 -> 0 | I10: =0 -> 0 | J10: =0 -> 0 | ... L10: =0 -> 0 | M10: =157 -> 157 | N10: =0 -> 0 | O10: =0 -> 0
B11: 46206 | C11: =14.4 -> 14.4 | D11: =0 -> 0 | E11: =0 -> 0 | F11: =0 -> 0 | G11: =43.2 -> 43.2 | H11: =0 -> 0 | I11: =0 -> 0 | J11: =0 -> 0 | K11: =0 -> 0 | L11: =43.2 -> 43.2 | M11: =28.8 -> 28.8 | N11: =14.4 -> 14.4 | O11: =0 -> 0
B12: 46206 | C12: =0 -> 0 | D12: =0 -> 0 | E12: =0 -> 0 | F12: =0 -> 0 | G12: =118.4 -> 118.4 | H12: =0 -> 0 | I12: =0 -> 0 | J12: =0 -> 0 | K12: =0 -> 0 | L12: =29.6 -> 29.6 | M12: =0 -> 0 | N12: =0 -> 0 | O12: =0 -> 0
B13: 46207 | C13: 0 | D13: 0 | E13: 0 | F13: 0 | G13: 0 | H13: 0 | I13: 0 | J13: 0 | K13: 0 | L13: 0 | M13: 0 | N13: 0 | O13: =131 -> 131
B14: 46207 | C14: 0 | D14: 0 | E14: 0 | F14: 0 | G14: 0 | H14: 0 | I14: 0 | J14: 0 | K14: 0 | L14: 0 | M14: 0 | N14: 0 | O14: =136 -> 136
B15: 46207 | C15: =120.9 -> 120.9 | D15: =0 -> 0 | E15: =0 -> 0 | F15: =0 -> 0 | G15: =161.2 -> 161.2 | H15: =0 -> 0 | I15: =0 -> 0 | J15: =0 -> 0 | K15: =0 -> 0 | L15: =0 -> 0 | M15: =0 -> 0 | N15: =0 -> 0 | O15: =120.9 -> 120.9
B16: 46208 | C16: =0 -> 0 | D16: =0 -> 0 | E16: =0 -> 0 | F16: =0 -> 0 | G16: =49 -> 49 | H16: =0 -> 0 | I16: =0 -> 0 | J16: =0 -> 0 | K16: =0 -> 0 | L16: =0 -> 0 | M16: =35 -> 35 | N16: =35 -> 35 | O16: =21 -> 21
B17: 46208 | C17: 0 | D17: 0 | E17: 0 | F17: 0 | G17: 0 | H17: 0 | I17: 0 | J17: 0 | K17: 0 | L17: 0 | M17: 0 | N17: 0 | O17: =150 -> 150
B18: 46209 | C18: =26.4 -> 26.4 | D18: =0 -> 0 | E18: =0 -> 0 | F18: =0 -> 0 | G18: =52.8 -> 52.8 | H18: =0 -> 0 | I18: =0 -> 0 | J18: =0 -> 0 | K18: =0 -> 0 | L18: =0 -> 0 | M18: =0 -> 0 | N18: =0 -> 0 | O18: =52.8 -> 52.8
B19: 46209 | C19: =0 -> 0 | D19: =0 -> 0 | E19: =0 -> 0 | F19: =0 -> 0 | G19: =52.5 -> 52.5 | H19: =0 -> 0 | I19: =0 -> 0 | J19: =0 -> 0 | K19: =0 -> 0 | L19: =0 -> 0 | M19: =0 -> 0 | N19: =0 -> 0 | O19: =52.5 -> 52.5
B20: 46209 | C20: =0 -> 0 | D20: =0 -> 0 | E20: =0 -> 0 | F20: =0 -> 0 | G20: =38.4 -> 38.4 | H20: =0 -> 0 | I20: =0 -> 0 | J20: =0 -> 0 | K20: =0 -> 0 | L20: =0 -> 0 | M20: =0 -> 0 | N20: =4.8 -> 4.8 | O20: =52.8 -> 52.8
B21: 46209 | C21: =0 -> 0 | D21: =0 -> 0 | E21: =0 -> 0 | F21: =0 -> 0 | G21: =51 -> 51 | H21: =0 -> 0 | I21: =0 -> 0 | J21: =0 -> 0 | K21: =0 -> 0 | L21: =51 -> 51 | M21: =51 -> 51 | N21: =0 -> 0 | O21: =17 -> 17
B22: 46210 | C22: =0 -> 0 | D22: =0 -> 0 | E22: =0 -> 0 | F22: =0 -> 0 | G22: =47.4 -> 47.4 | H22: =0 -> 0 | I22: =0 -> 0 | J22: =0 -> 0 | K22: =0 -> 0 | L22: =94.8 -> 94.8 | M22: =0 -> 0 | N22: =0 -> 0 | O22: =15.8 -> 15.8
B23: 46210 | C23: =23.6 -> 23.6 | D23: =23.6 -> 23.6 | E23: =0 -> 0 | F23: =0 -> 0 | G23: =0 -> 0 | H23: =0 -> 0 | I23: =0 -> 0 | J23: =0 -> 0 | K23: =0 -> 0 | L23: =0 -> 0 | M23: =47.2 -> 47.2 | N23: =23.6 -> 23.6 | O23: =0 -> 0
B24: 46210 | C24: =0 -> 0 | D24: =0 -> 0 | E24: =0 -> 0 | F24: =0 -> 0 | G24: =53.6 -> 53.6 | H24: =0 -> 0 | I24: =0 -> 0 | J24: =0 -> 0 | K24: =0 -> 0 | L24: =40.2 -> 40.2 | M24: =0 -> 0 | N24: =0 -> 0 | O24: =40.2 -> 40.2
B25: 46211 | C25: =0 -> 0 | D25: =0 -> 0 | E25: =0 -> 0 | F25: =0 -> 0 | G25: =136.2 -> 136.2 | H25: =0 -> 0 | I25: =0 -> 0 | J25: =0 -> 0 | K25: =0 -> 0 | L25: =90.8 -> 90.8 | M25: =0 -> 0 | N25: =0 -> 0 | O25: =0 -> 0
B26: 46211 | C26: =0 -> 0 | D26: =0 -> 0 | E26: =0 -> 0 | F26: =0 -> 0 | G26: =141.6 -> 141.6 | H26: =0 -> 0 | I26: =0 -> 0 | J26: =0 -> 0 | K26: =0 -> 0 | L26: =0 -> 0 | M26: =0 -> 0 | N26: =0 -> 0 | O26: =35.4 -> 35.4
B27: 46211 | C27: =0 -> 0 | D27: =0 -> 0 | E27: =0 -> 0 | F27: =0 -> 0 | G27: =0 -> 0 | H27: =0 -> 0 | I27: =0 -> 0 | J27: =0 -> 0 | K27: =0 -> 0 | L27: =63.2 -> 63.2 | M27: =0 -> 0 | N27: =0 -> 0 | O27: =94.8 -> 94.8
B28: 46212 | C28: =28.8 -> 28.8 | D28: =0 -> 0 | E28: =0 -> 0 | F28: =0 -> 0 | G28: =28.8 -> 28.8 | H28: =0 -> 0 | I28: =0 -> 0 | J28: =0 -> 0 | K28: =0 -> 0 | L28: =0 -> 0 | M28: =28.8 -> 28.8 | N28: =0 -> 0 | O28: =9.6 -> 9.6
B29: 46213 | C29: =0 -> 0 | D29: =0 -> 0 | E29: =0 -> 0 | F29: =0 -> 0 | G29: =84 -> 84 | H29: =0 -> 0 | I29: =0 -> 0 | J29: =0 -> 0 | K29: =0 -> 0 | L29: =12 -> 12 | M29: =12 -> 12 | N29: =0 -> 0 | O29: =12 -> 12
B30: 46213 | C30: =0 -> 0 | D30: =0 -> 0 | E30: =0 -> 0 | F30: =0 -> 0 | G30: =97.6 -> 97.6 | H30: =0 -> 0 | I30: =0 -> 0 | J30: =0 -> 0 | K30: =0 -> 0 | L30: =12.2 -> 12.2 | M30: =0 -> 0 | N30: =0 -> 0 | O30: =12.2 -> 12.2
B31: 46213 | C31: =0 -> 0 | D31: =0 -> 0 | E31: =0 -> 0 | F31: =0 -> 0 | G31: =109.9 -> 109.9 | H31: =0 -> 0 | I31: =15.7 -> 15.7 | J31: =0 -> 0 | K31: =0 -> 0 | L31: =0 -> 0 | M31: =31.4 -> 31.4 | N31: =0 -> 0 | O31: =0 -> 0
B32: 46213 | C32: 0 | D32: 0 | E32: 0 | F32: 0 | G32: 0 | H32: 0 | I32: 0 | J32: 0 | K32: 0 | L32: 0 | M32: 0 | N32: 0 | O32: =107 -> 107
B33: 46214 | C33: =0 -> 0 | D33: =0 -> 0 | E33: =0 -> 0 | F33: =0 -> 0 | G33: =36.6 -> 36.6 | H33: =0 -> 0 | I33: =0 -> 0 | J33: =0 -> 0 | K33: =0 -> 0 | L33: =128.1 -> 128.1 | M33: =0 -> 0 | N33: =0 -> 0 | O33: =18.3 -> 18.3
B34: 46214 | C34: =14.6 -> 14.6 | D34: =0 -> 0 | E34: =0 -> 0 | F34: =0 -> 0 | G34: =43.8 -> 43.8 | H34: =0 -> 0 | I34: =0 -> 0 | J34: =0 -> 0 | K34: =0 -> 0 | L34: =0 -> 0 | M34: =58.4 -> 58.4 | N34: =0 -> 0 | O34: =29.2 -> 29.2
B35: 46214 | C35: =0 -> 0 | D35: =0 -> 0 | E35: =0 -> 0 | F35: =0 -> 0 | G35: =41.1 -> 41.1 | H35: =0 -> 0 | I35: =0 -> 0 | J35: =0 -> 0 | K35: =0 -> 0 | L35: =41.1 -> 41.1 | M35: =0 -> 0 | N35: =0 -> 0 | O35: =54.8 -> 54.8
B36: 46215 | C36: =0 -> 0 | D36: =0 -> 0 | E36: =0 -> 0 | F36: =0 -> 0 | G36: =46.8 -> 46.8 | H36: =0 -> 0 | I36: =0 -> 0 | J36: =0 -> 0 | K36: =0 -> 0 | L36: =0 -> 0 | M36: =0 -> 0 | N36: =0 -> 0 | O36: =31.2 -> 31.2
B37: 46215 | C37: =0 -> 0 | D37: =0 -> 0 | E37: =0 -> 0 | F37: =0 -> 0 | G37: =57.9 -> 57.9 | H37: =0 -> 0 | I37: =0 -> 0 | J37: =0 -> 0 | K37: =0 -> 0 | L37: =57.9 -> 57.9 | M37: =0 -> 0 | N37: =0 -> 0 | O37: =77.2 -> 77.2
B38: 46215 | C38: 0 | D38: 0 | E38: 0 | F38: 0 | G38: 0 | H38: 0 | I38: 0 | J38: 0 | K38: 0 | L38: 0 | M38: 0 | N38: 0 | O38: =147 -> 147
B39: 46216 | C39: =0 -> 0 | D39: =0 -> 0 | E39: =0 -> 0 | F39: =0 -> 0 | G39: =80 -> 80 | H39: =0 -> 0 | I39: =0 -> 0 | J39: =0 -> 0 | K39: =0 -> 0 | L39: =80 -> 80 | M39: =20 -> 20 | N39: =20 -> 20 | O39: =0 -> 0
B40: 46216 | C40: =0 -> 0 | D40: =0 -> 0 | E40: =0 -> 0 | F40: =0 -> 0 | G40: =39.3 -> 39.3 | H40: =0 -> 0 | I40: =0 -> 0 | J40: =0 -> 0 | K40: =0 -> 0 | L40: =39.3 -> 39.3 | M40: =26.2 -> 26.2 | N40: =0 -> 0 | O40: =26.2 -> 26.2
B41: 46216 | C41: =0 -> 0 | D41: =0 -> 0 | E41: =0 -> 0 | F41: =0 -> 0 | G41: =61.2 -> 61.2 | H41: =0 -> 0 | I41: =0 -> 0 | J41: =0 -> 0 | K41: =0 -> 0 | L41: =0 -> 0 | M41: =45.9 -> 45.9 | N41: =0 -> 0 | O41: =45.9 -> 45.9
B42: 46216 | C42: =0 -> 0 | D42: =13 -> 13 | E42: =0 -> 0 | F42: =0 -> 0 | G42: =52 -> 52 | H42: =0 -> 0 | I42: =0 -> 0 | J42: =0 -> 0 | K42: =0 -> 0 | L42: =52 -> 52 | M42: =13 -> 13 | N42: =0 -> 0 | O42: =0 -> 0
B43: 46216 | C43: =0 -> 0 | D43: =0 -> 0 | E43: =0 -> 0 | F43: =0 -> 0 | G43: =89 -> 89 | H43: =0 -> 0 | I43: =0 -> 0 | J43: =0 -> 0 | K43: =0 -> 0 | L43: =0 -> 0 | M43: =53.4 -> 53.4 | N43: =17.8 -> 17.8 | O43: =17.8 -> 17.8
B44: 46216 | C44: 0 | D44: 0 | E44: 0 | F44: 0 | G44: 0 | H44: 0 | I44: 0 | J44: 0 | K44: 0 | L44: 0 | M44: 0 | N44: 0 | O44: =164 -> 164
B45: 46217 | C45: 0 | D45: 0 | E45: 0 | F45: 0 | G45: 0 | H45: 0 | I45: 0 | J45: 0 | K45: 0 | L45: 0 | M45: 0 | N45: 0 | O45: =101 -> 101
B46: 46218 | C46: 0 | D46: 0 | E46: 0 | F46: 0 | G46: 0 | H46: 0 | I46: 0 | J46: 0 | K46: 0 | L46: 0 | M46: 0 | N46: 0 | O46: =110 -> 110
B47: 46218 | C47: =0 -> 0 | D47: =0 -> 0 | E47: =0 -> 0 | F47: =0 -> 0 | G47: =0 -> 0 | H47: =0 -> 0 | I47: =0 -> 0 | J47: =0 -> 0 | K47: =0 -> 0 | L47: =40.8 -> 40.8 | M47: =40.8 -> 40.8 | N47: =0 -> 0 | O47: =20.4 -> 20.4
B48: 46218 | C48: 0 | D48: 0 | E48: 0 | F48: 0 | G48: 0 | H48: 0 | I48: 0 | J48: 0 | K48: 0 | L48: 0 | M48: 0 | N48: 0 | O48: =125 -> 125
B49: 46218 | C49: =0 -> 0 | D49: =0 -> 0 | E49: =0 -> 0 | F49: =0 -> 0 | G49: =67 -> 67 | H49: =0 -> 0 | I49: =0 -> 0 | J49: =0 -> 0 | K49: =0 -> 0 | L49: =0 -> 0 | M49: =53.6 -> 53.6 | N49: =0 -> 0 | O49: =13.4 -> 13.4
B50: 46219 | C50: 0 | D50: 0 | E50: 0 | F50: 0 | G50: 0 | H50: 0 | I50: 0 | J50: 0 | K50: 0 | L50: 0 | M50: 0 | N50: 0 | O50: =107 -> 107
B51: 46219 | C51: =0 -> 0 | D51: =0 -> 0 | E51: =0 -> 0 | F51: =0 -> 0 | G51: =93.6 -> 93.6 | H51: =0 -> 0 | I51: =0 -> 0 | J51: =0 -> 0 | K51: =0 -> 0 | L51: =31.2 -> 31.2 | M51: =0 -> 0 | N51: =0 -> 0 | O51: =31.2 -> 31.2
B52: 46219 | C52: =0 -> 0 | D52: =0 -> 0 | E52: =0 -> 0 | F52: =0 -> 0 | G52: =64 -> 64 | H52: =0 -> 0 | I52: =0 -> 0 | J52: =0 -> 0 | K52: =0 -> 0 | L52: =38.4 -> 38.4 | M52: =12.8 -> 12.8 | N52: =12.8 -> 12.8 | O52: =0 -> 0
B53: 46220 | C53: =0 -> 0 | D53: =0 -> 0 | E53: =0 -> 0 | F53: =0 -> 0 | G53: =34.2 -> 34.2 | H53: =0 -> 0 | I53: =0 -> 0 | J53: =0 -> 0 | K53: =0 -> 0 | L53: =22.8 -> 22.8 | M53: =11.4 -> 11.4 | N53: =45.6 -> 45.6 | O53: =0 -> 0
B54: 46220 | C54: =14 -> 14 | D54: =14 -> 14 | E54: =42 -> 42 | F54: =0 -> 0 | G54: =0 -> 0 | H54: =0 -> 0 | I54: =0 -> 0 | J54: =0 -> 0 | K54: =0 -> 0 | L54: =42 -> 42 | M54: =28 -> 28 | N54: =0 -> 0 | O54: =0 -> 0
B55: 46220 | C55: 0 | D55: 0 | E55: 0 | F55: 0 | G55: 0 | H55: 0 | I55: 0 | J55: 0 | K55: 0 | L55: 0 | M55: 0 | N55: 0 | O55: =170 -> 170
B56: 46221 | C56: =0 -> 0 | D56: =0 -> 0 | E56: =0 -> 0 | F56: =0 -> 0 | G56: =25.6 -> 25.6 | H56: =0 -> 0 | I56: =0 -> 0 | J56: =0 -> 0 | K56: =0 -> 0 | L56: =19.2 -> 19.2 | M56: =19.2 -> 19.2 | N56: =0 -> 0 | O56: =0 -> 0
B57: 46221 | C57: 0 | D57: 0 | E57: 0 | F57: 0 | G57: 0 | H57: 0 | I57: 0 | J57: 0 | K57: 0 | L57: 0 | M57: 0 | N57: 0 | O57: =104 -> 104
B58: 46221 | C58: =0 -> 0 | D58: =0 -> 0 | E58: =0 -> 0 | F58: =0 -> 0 | G58: =33.6 -> 33.6 | H58: =0 -> 0 | I58: =0 -> 0 | J58: =0 -> 0 | K58: =0 -> 0 | L58: =16.8 -> 16.8 | M58: =16.8 -> 16.8 | N58: =0 -> 0 | O58: =16.8 -> 16.8
B59: 46222 | C59: =0 -> 0 | D59: =0 -> 0 | E59: =0 -> 0 | F59: =0 -> 0 | G59: =0 -> 0 | H59: =0 -> 0 | I59: =0 -> 0 | J59: =0 -> 0 | ... O59: =0 -> 0
B60: 46222 | C60: =0 -> 0 | D60: =0 -> 0 | E60: =0 -> 0 | F60: =0 -> 0 | G60: =36.3 -> 36.3 | H60: =0 -> 0 | I60: =0 -> 0 | J60: =0 -> 0 | K60: =0 -> 0 | L60: =36.3 -> 36.3 | M60: =48.4 -> 48.4 | N60: =0 -> 0 | O60: =0 -> 0
B61: 46222 | C61: 0 | D61: 0 | E61: 0 | F61: 0 | G61: 0 | H61: 0 | I61: 0 | J61: 0 | K61: 0 | L61: 0 | M61: 0 | N61: 0 | O61: =170 -> 170
B62: 46222 | C62: =0 -> 0 | D62: =0 -> 0 | E62: =0 -> 0 | F62: =22.8 -> 22.8 | G62: =60.8 -> 60.8 | H62: =0 -> 0 | I62: =0 -> 0 | J62: =0 -> 0 | K62: =0 -> 0 | L62: =0 -> 0 | M62: =38 -> 38 | N62: =0 -> 0 | O62: =30.4 -> 30.4
B63: 46223 | C63: =0 -> 0 | D63: =0 -> 0 | E63: =0 -> 0 | F63: =0 -> 0 | G63: =46.8 -> 46.8 | H63: =0 -> 0 | I63: =0 -> 0 | J63: =0 -> 0 | K63: =0 -> 0 | L63: =0 -> 0 | M63: =78 -> 78 | N63: =15.6 -> 15.6 | O63: =15.6 -> 15.6
B64: 46223 | C64: =91.2 -> 91.2 | D64: =0 -> 0 | E64: =0 -> 0 | F64: =0 -> 0 | G64: =0 -> 0 | H64: =0 -> 0 | I64: =0 -> 0 | J64: =0 -> 0 | K64: =0 -> 0 | L64: =45.6 -> 45.6 | M64: =0 -> 0 | N64: =0 -> 0 | O64: =15.2 -> 15.2
B65: 46223 | C65: =17.4 -> 17.4 | D65: =0 -> 0 | E65: =0 -> 0 | F65: =0 -> 0 | G65: =52.2 -> 52.2 | H65: =0 -> 0 | I65: =17.4 -> 17.4 | J65: =0 -> 0 | K65: =0 -> 0 | L65: =0 -> 0 | M65: =34.8 -> 34.8 | N65: =17.4 -> 17.4 | O65: =34.8 -> 34.8
B66: 46224 | C66: =0 -> 0 | D66: =0 -> 0 | E66: =0 -> 0 | F66: =39.6 -> 39.6 | G66: =0 -> 0 | H66: =0 -> 0 | I66: =0 -> 0 | J66: =0 -> 0 | K66: =0 -> 0 | L66: =0 -> 0 | M66: =39.6 -> 39.6 | N66: =39.6 -> 39.6 | O66: =13.2 -> 13.2
B67: 46224 | C67: =19.4 -> 19.4 | D67: =0 -> 0 | E67: =0 -> 0 | F67: =0 -> 0 | G67: =38.8 -> 38.8 | H67: =0 -> 0 | I67: =19.4 -> 19.4 | J67: =0 -> 0 | K67: =0 -> 0 | L67: =38.8 -> 38.8 | M67: =38.8 -> 38.8 | N67: =19.4 -> 19.4 | O67: =19.4 -> 19.4
B68: 46225 | C68: =0 -> 0 | D68: =0 -> 0 | E68: =0 -> 0 | F68: =0 -> 0 | G68: =20.4 -> 20.4 | H68: =0 -> 0 | I68: =0 -> 0 | J68: =0 -> 0 | K68: =0 -> 0 | L68: =0 -> 0 | M68: =30.6 -> 30.6 | N68: =10.2 -> 10.2 | O68: =40.8 -> 40.8
B69: 46225 | C69: =0 -> 0 | D69: =0 -> 0 | E69: =0 -> 0 | F69: =0 -> 0 | G69: =47.4 -> 47.4 | H69: =0 -> 0 | I69: =0 -> 0 | J69: =0 -> 0 | K69: =0 -> 0 | L69: =63.2 -> 63.2 | M69: =31.6 -> 31.6 | N69: =15.8 -> 15.8 | O69: =0 -> 0
B70: 46225 | C70: =0 -> 0 | D70: =0 -> 0 | E70: =0 -> 0 | F70: =0 -> 0 | G70: =44.4 -> 44.4 | H70: =0 -> 0 | I70: =0 -> 0 | J70: =0 -> 0 | K70: =0 -> 0 | L70: =29.6 -> 29.6 | M70: =44.4 -> 44.4 | N70: =0 -> 0 | O70: =29.6 -> 29.6
B71: 46226 | C71: 0 | D71: 0 | E71: 0 | F71: 0 | G71: 0 | H71: 0 | I71: 0 | J71: 0 | K71: 0 | L71: 0 | M71: 0 | N71: 0 | O71: =200 -> 200
B72: 46226 | C72: =0 -> 0 | D72: =0 -> 0 | E72: =0 -> 0 | F72: =0 -> 0 | G72: =27.4 -> 27.4 | H72: =0 -> 0 | I72: =0 -> 0 | J72: =0 -> 0 | K72: =0 -> 0 | L72: =68.5 -> 68.5 | M72: =0 -> 0 | N72: =0 -> 0 | O72: =41.1 -> 41.1
B73: 46226 | C73: =0 -> 0 | D73: =0 -> 0 | E73: =0 -> 0 | F73: =0 -> 0 | G73: =78.5 -> 78.5 | H73: =0 -> 0 | I73: =0 -> 0 | J73: =0 -> 0 | K73: =0 -> 0 | L73: =0 -> 0 | M73: =0 -> 0 | N73: =0 -> 0 | O73: =78.5 -> 78.5
B74: 46226 | C74: =0 -> 0 | D74: =0 -> 0 | E74: =0 -> 0 | F74: =15.6 -> 15.6 | G74: =0 -> 0 | H74: =0 -> 0 | I74: =0 -> 0 | J74: =0 -> 0 | K74: =0 -> 0 | L74: =46.8 -> 46.8 | M74: =0 -> 0 | N74: =0 -> 0 | O74: =93.6 -> 93.6
B75: 46226 | C75: =38 -> 38 | D75: =0 -> 0 | E75: =0 -> 0 | F75: =0 -> 0 | G75: =0 -> 0 | H75: =0 -> 0 | I75: =0 -> 0 | J75: =0 -> 0 | K75: =0 -> 0 | L75: =76 -> 76 | M75: =38 -> 38 | N75: =0 -> 0 | O75: =38 -> 38
B76: 46227 | C76: =0 -> 0 | D76: =0 -> 0 | E76: =0 -> 0 | F76: =0 -> 0 | G76: =134.1 -> 134.1 | H76: =0 -> 0 | I76: =0 -> 0 | J76: =0 -> 0 | K76: =0 -> 0 | L76: =0 -> 0 | M76: =0 -> 0 | N76: =0 -> 0 | O76: =14.9 -> 14.9
B77: 46227 | C77: =0 -> 0 | D77: =0 -> 0 | E77: =0 -> 0 | F77: =0 -> 0 | G77: =92.4 -> 92.4 | H77: =0 -> 0 | I77: =0 -> 0 | J77: =0 -> 0 | K77: =0 -> 0 | L77: =15.4 -> 15.4 | M77: =46.2 -> 46.2 | N77: =0 -> 0 | O77: =0 -> 0
B78: 46227 | C78: =13.1 -> 13.1 | D78: =0 -> 0 | E78: =0 -> 0 | F78: =0 -> 0 | G78: =39.3 -> 39.3 | H78: =0 -> 0 | I78: =0 -> 0 | J78: =0 -> 0 | K78: =0 -> 0 | L78: =39.3 -> 39.3 | M78: =0 -> 0 | N78: =13.1 -> 13.1 | O78: =26.2 -> 26.2
B79: 46227 | C79: =0 -> 0 | D79: =0 -> 0 | E79: =0 -> 0 | F79: =0 -> 0 | G79: =288 -> 288 | H79: =0 -> 0 | I79: =0 -> 0 | J79: =0 -> 0 | K79: =0 -> 0 | L79: =0 -> 0 | M79: =0 -> 0 | N79: =0 -> 0 | O79: =72 -> 72
B80: 46227 | C80: 0 | D80: 0 | E80: 0 | F80: 0 | G80: 0 | H80: 0 | I80: 0 | J80: 0 | K80: 0 | L80: 0 | M80: 0 | N80: 0 | O80: =152 -> 152
B81: 46227 | C81: =0 -> 0 | D81: =0 -> 0 | E81: =0 -> 0 | F81: =0 -> 0 | G81: =288 -> 288 | H81: =0 -> 0 | I81: =0 -> 0 | J81: =0 -> 0 | K81: =0 -> 0 | L81: =0 -> 0 | M81: =0 -> 0 | N81: =0 -> 0 | O81: =72 -> 72
B82: 46227 | C82: 0 | D82: 0 | E82: 0 | F82: 0 | G82: 0 | H82: 0 | I82: 0 | J82: 0 | K82: 0 | L82: 0 | M82: 0 | N82: 0 | O82: =136 -> 136
B83: 46227 | C83: =0 -> 0 | D83: =0 -> 0 | E83: =0 -> 0 | F83: =0 -> 0 | G83: =192 -> 192 | H83: =0 -> 0 | I83: =0 -> 0 | J83: =0 -> 0 | K83: =0 -> 0 | L83: =0 -> 0 | M83: =0 -> 0 | N83: =0 -> 0 | O83: =128 -> 128
B84: 46228 | C84: =0 -> 0 | D84: =0 -> 0 | E84: =0 -> 0 | F84: =0 -> 0 | G84: =50.8 -> 50.8 | H84: =0 -> 0 | I84: =50.8 -> 50.8 | J84: =0 -> 0 | K84: =0 -> 0 | L84: =0 -> 0 | M84: =25.4 -> 25.4 | N84: =0 -> 0 | O84: =0 -> 0
B85: 46228 | C85: =0 -> 0 | D85: =0 -> 0 | E85: =12.9 -> 12.9 | F85: =0 -> 0 | G85: =25.8 -> 25.8 | H85: =0 -> 0 | I85: =0 -> 0 | J85: =0 -> 0 | K85: =0 -> 0 | L85: =12.9 -> 12.9 | M85: =25.8 -> 25.8 | N85: =25.8 -> 25.8 | O85: =25.8 -> 25.8
B86: 46229 | C86: =0 -> 0 | D86: =0 -> 0 | E86: =0 -> 0 | F86: =0 -> 0 | G86: =121.5 -> 121.5 | H86: =0 -> 0 | I86: =0 -> 0 | J86: =0 -> 0 | K86: =0 -> 0 | L86: =0 -> 0 | M86: =0 -> 0 | N86: =0 -> 0 | O86: =13.5 -> 13.5
B87: 46229 | C87: =0 -> 0 | D87: =0 -> 0 | E87: =0 -> 0 | F87: =0 -> 0 | G87: =72.4 -> 72.4 | H87: =0 -> 0 | I87: =0 -> 0 | J87: =0 -> 0 | K87: =0 -> 0 | L87: =54.3 -> 54.3 | M87: =54.3 -> 54.3 | N87: =0 -> 0 | O87: =0 -> 0
B88: 46229 | C88: =0 -> 0 | D88: =0 -> 0 | E88: =0 -> 0 | F88: =0 -> 0 | G88: =93 -> 93 | H88: =0 -> 0 | I88: =0 -> 0 | J88: =0 -> 0 | K88: =0 -> 0 | L88: =0 -> 0 | M88: =93 -> 93 | N88: =0 -> 0 | O88: =0 -> 0
B89: 46229 | C89: =0 -> 0 | D89: =0 -> 0 | E89: =0 -> 0 | F89: =0 -> 0 | G89: =85 -> 85 | H89: =0 -> 0 | I89: =0 -> 0 | J89: =0 -> 0 | K89: =0 -> 0 | L89: =0 -> 0 | M89: =0 -> 0 | N89: =0 -> 0 | O89: =85 -> 85
B90: 46230 | C90: =44.1 -> 44.1 | D90: =0 -> 0 | E90: =0 -> 0 | F90: =0 -> 0 | G90: =44.1 -> 44.1 | H90: =0 -> 0 | I90: =0 -> 0 | J90: =0 -> 0 | K90: =0 -> 0 | L90: =0 -> 0 | M90: =58.8 -> 58.8 | N90: =0 -> 0 | O90: =0 -> 0
B91: 46231 | C91: =0 -> 0 | D91: =0 -> 0 | E91: =0 -> 0 | F91: =0 -> 0 | G91: =66.6 -> 66.6 | H91: =0 -> 0 | I91: =0 -> 0 | J91: =0 -> 0 | K91: =0 -> 0 | L91: =0 -> 0 | M91: =0 -> 0 | N91: =0 -> 0 | O91: =44.4 -> 44.4
B92: 46231 | C92: 0 | D92: 0 | E92: 0 | F92: 0 | G92: 0 | H92: 0 | I92: 0 | J92: 0 | K92: 0 | L92: 0 | M92: 0 | N92: 0 | O92: =190 -> 190
B93: 46232 | C93: 0 | D93: 0 | E93: 0 | F93: 0 | G93: 0 | H93: 0 | I93: 0 | J93: 0 | K93: 0 | L93: 0 | M93: 0 | N93: 0 | O93: =150 -> 150
B94: 46232 | C94: =24 -> 24 | D94: =0 -> 0 | E94: =0 -> 0 | F94: =0 -> 0 | G94: =72 -> 72 | H94: =0 -> 0 | I94: =0 -> 0 | J94: =0 -> 0 | K94: =0 -> 0 | L94: =24 -> 24 | M94: =72 -> 72 | N94: =24 -> 24 | O94: =24 -> 24
B95: 46232 | C95: =0 -> 0 | D95: =0 -> 0 | E95: =0 -> 0 | F95: =0 -> 0 | G95: =21 -> 21 | H95: =0 -> 0 | I95: =0 -> 0 | J95: =0 -> 0 | K95: =0 -> 0 | L95: =21 -> 21 | M95: =14 -> 14 | N95: =14 -> 14 | O95: =0 -> 0
B96: 46232 | C96: =32 -> 32 | D96: =16 -> 16 | E96: =0 -> 0 | F96: =0 -> 0 | G96: =64 -> 64 | H96: =0 -> 0 | I96: =0 -> 0 | J96: =0 -> 0 | K96: =0 -> 0 | L96: =16 -> 16 | M96: =0 -> 0 | N96: =32 -> 32 | O96: =0 -> 0
B97: 46232 | C97: =0 -> 0 | D97: =0 -> 0 | E97: =0 -> 0 | F97: =0 -> 0 | G97: =22 -> 22 | H97: =0 -> 0 | I97: =0 -> 0 | J97: =0 -> 0 | K97: =0 -> 0 | L97: =22 -> 22 | M97: =0 -> 0 | N97: =0 -> 0 | O97: =66 -> 66
B98: 46233 | C98: =0 -> 0 | D98: =0 -> 0 | E98: =0 -> 0 | F98: =0 -> 0 | G98: =22.2 -> 22.2 | H98: =0 -> 0 | I98: =0 -> 0 | J98: =0 -> 0 | K98: =0 -> 0 | L98: =22.2 -> 22.2 | M98: =0 -> 0 | N98: =0 -> 0 | O98: =29.6 -> 29.6
B99: 46233 | C99: =0 -> 0 | D99: =0 -> 0 | E99: =0 -> 0 | F99: =0 -> 0 | G99: =0 -> 0 | H99: =0 -> 0 | I99: =0 -> 0 | J99: =0 -> 0 | K99: =0 -> 0 | L99: =133 -> 133 | M99: =0 -> 0 | N99: =0 -> 0 | O99: =57 -> 57
B100: 46233 | C100: 0 | D100: 0 | E100: 0 | F100: 0 | G100: 0 | H100: 0 | I100: 0 | J100: 0 | K100: 0 | L100: 0 | M100: 0 | N100: 0 | O100: =127 -> 127
...

Sheet PalletList
B1: Date | C1: Iron and steel | D1: Aluminium | E1: Other non-ferrous | F1: Mixed metals | G1: Textiles | H1: Mattresses | I1: Timber | J1: Bricks | K1: Demolition | L1: Paper and cardboard | M1: Plastics | N1: Glass | O1: Mixed materials
B2: 46204 | C2: =14.4 -> 14.4 | D2: =0 -> 0 | E2: =0 -> 0 | F2: =0 -> 0 | G2: =0 -> 0 | H2: =0 -> 0 | I2: =7.2 -> 7.2 | J2: =0 -> 0 | K2: =0 -> 0 | L2: =0 -> 0 | M2: =2.4 -> 2.4 | N2: =0 -> 0 | O2: =0 -> 0
B3: 46204 | C3: =25.2 -> 25.2 | D3: =0 -> 0 | E3: =0 -> 0 | F3: =0 -> 0 | G3: =0 -> 0 | H3: =0 -> 0 | I3: =31.5 -> 31.5 | J3: =0 -> 0 | K3: =0 -> 0 | L3: =0 -> 0 | M3: =6.3 -> 6.3 | N3: =0 -> 0 | O3: =0 -> 0
B4: 46204 | C4: =51.2 -> 51.2 | D4: =0 -> 0 | E4: =0 -> 0 | F4: =0 -> 0 | G4: =0 -> 0 | H4: =0 -> 0 | I4: =6.4 -> 6.4 | J4: =0 -> 0 | K4: =0 -> 0 | L4: =0 -> 0 | M4: =0 -> 0 | N4: =0 -> 0 | O4: =6.4 -> 6.4
B5: 46204 | C5: =43.2 -> 43.2 | D5: =0 -> 0 | E5: =0 -> 0 | F5: =0 -> 0 | G5: =0 -> 0 | H5: =0 -> 0 | I5: =0 -> 0 | J5: =0 -> 0 | K5: =0 -> 0 | L5: =0 -> 0 | M5: =4.8 -> 4.8 | N5: =0 -> 0 | O5: =0 -> 0
B6: 46204 | C6: =0 -> 0 | D6: =0 -> 0 | E6: =0 -> 0 | F6: =0 -> 0 | G6: =41 -> 41 | H6: =0 -> 0 | I6: =0 -> 0 | J6: =0 -> 0 | K6: =0 -> 0 | L6: =0 -> 0 | M6: =0 -> 0 | N6: =0 -> 0 | O6: =0 -> 0
B7: 46204 | C7: =105 -> 105 | D7: =0 -> 0 | E7: =0 -> 0 | F7: =0 -> 0 | G7: =0 -> 0 | H7: =0 -> 0 | I7: =0 -> 0 | J7: =0 -> 0 | K7: =0 -> 0 | ... O7: =0 -> 0
B8: 46204 | C8: 0 | D8: 0 | E8: 0 | F8: 0 | G8: 0 | H8: 0 | I8: 0 | J8: 0 | K8: 0 | L8: 0 | M8: 0 | N8: 0 | O8: =34 -> 34
B9: 46204 | C9: =0 -> 0 | D9: =0 -> 0 | E9: =0 -> 0 | F9: =0 -> 0 | G9: =0 -> 0 | H9: =0 -> 0 | I9: =0 -> 0 | J9: =126 -> 126 | K9: =0 -> 0 | L9: =0 -> 0 | M9: =0 -> 0 | N9: =0 -> 0 | O9: =0 -> 0
B10: 46204 | C10: =0 -> 0 | D10: =0 -> 0 | E10: =0 -> 0 | F10: =44 -> 44 | G10: =0 -> 0 | H10: =0 -> 0 | I10: =0 -> 0 | J10: =0 -> 0 | K10: =0 -> 0 | L10: =0 -> 0 | M10: =0 -> 0 | N10: =0 -> 0 | O10: =0 -> 0
B11: 46204 | C11: =0 -> 0 | D11: =0 -> 0 | E11: =0 -> 0 | F11: =0 -> 0 | G11: =0 -> 0 | H11: =0 -> 0 | I11: =9 -> 9 | J11: =0 -> 0 | K11: =0 -> 0 | L11: =0 -> 0 | M11: =6 -> 6 | N11: =0 -> 0 | O11: =0 -> 0
B12: 46205 | C12: =27 -> 27 | D12: =0 -> 0 | E12: =0 -> 0 | F12: =0 -> 0 | G12: =0 -> 0 | H12: =0 -> 0 | I12: =27 -> 27 | J12: =0 -> 0 | K12: =0 -> 0 | L12: =0 -> 0 | M12: =0 -> 0 | N12: =0 -> 0 | O12: =0 -> 0
B13: 46205 | C13: =2.6 -> 2.6 | D13: =0 -> 0 | E13: =0 -> 0 | F13: =0 -> 0 | G13: =0 -> 0 | H13: =0 -> 0 | I13: =20.8 -> 20.8 | J13: =0 -> 0 | K13: =0 -> 0 | L13: =0 -> 0 | M13: =0 -> 0 | N13: =2.6 -> 2.6 | O13: =0 -> 0
B14: 46205 | C14: =3.8 -> 3.8 | D14: =0 -> 0 | E14: =0 -> 0 | F14: =0 -> 0 | G14: =0 -> 0 | H14: =0 -> 0 | I14: =3.8 -> 3.8 | J14: =0 -> 0 | K14: =0 -> 0 | L14: =0 -> 0 | M14: =0 -> 0 | N14: =0 -> 0 | O14: =11.4 -> 11.4
B15: 46205 | C15: =48 -> 48 | D15: =0 -> 0 | E15: =0 -> 0 | F15: =0 -> 0 | G15: =0 -> 0 | H15: =0 -> 0 | I15: =0 -> 0 | J15: =0 -> 0 | K15: =0 -> 0 | ... O15: =0 -> 0
B16: 46205 | C16: =0 -> 0 | D16: =0 -> 0 | E16: =0 -> 0 | F16: =0 -> 0 | G16: =66 -> 66 | H16: =0 -> 0 | I16: =66 -> 66 | J16: =0 -> 0 | K16: =0 -> 0 | L16: =0 -> 0 | M16: =0 -> 0 | N16: =0 -> 0 | O16: =0 -> 0
B17: 46205 | C17: =0 -> 0 | D17: =0 -> 0 | E17: =0 -> 0 | F17: =66 -> 66 | G17: =0 -> 0 | H17: =0 -> 0 | I17: =0 -> 0 | J17: =0 -> 0 | K17: =0 -> 0 | L17: =0 -> 0 | M17: =0 -> 0 | N17: =0 -> 0 | O17: =0 -> 0
B18: 46206 | C18: 0 | D18: 0 | E18: 0 | F18: 0 | G18: 0 | H18: 0 | I18: 0 | J18: 0 | K18: 0 | L18: 0 | M18: 0 | N18: 0 | O18: =59 -> 59
B19: 46206 | C19: 0 | D19: 0 | E19: 0 | F19: 0 | G19: 0 | H19: 0 | I19: 0 | J19: 0 | K19: 0 | L19: 0 | M19: 0 | N19: 0 | O19: =66 -> 66
B20: 46206 | C20: =0 -> 0 | D20: =10 -> 10 | E20: =0 -> 0 | F20: =0 -> 0 | G20: =0 -> 0 | H20: =0 -> 0 | I20: =40 -> 40 | J20: =0 -> 0 | K20: =0 -> 0 | L20: =0 -> 0 | M20: =0 -> 0 | N20: =0 -> 0 | O20: =0 -> 0
B21: 46206 | C21: 0 | D21: 0 | E21: 0 | F21: 0 | G21: 0 | H21: 0 | I21: 0 | J21: 0 | K21: 0 | L21: 0 | M21: 0 | N21: 0 | O21: =72 -> 72
B22: 46206 | C22: =4.8 -> 4.8 | D22: =0 -> 0 | E22: =0 -> 0 | F22: =0 -> 0 | G22: =0 -> 0 | H22: =0 -> 0 | I22: =14.4 -> 14.4 | J22: =0 -> 0 | K22: =0 -> 0 | L22: =0 -> 0 | M22: =4.8 -> 4.8 | N22: =0 -> 0 | O22: =0 -> 0
B23: 46206 | C23: =0 -> 0 | D23: =0 -> 0 | E23: =0 -> 0 | F23: =0 -> 0 | G23: =6 -> 6 | H23: =0 -> 0 | I23: =0 -> 0 | J23: =0 -> 0 | K23: =0 -> 0 | L23: =0 -> 0 | M23: =24 -> 24 | N23: =0 -> 0 | O23: =0 -> 0
B24: 46206 | C24: =11.6 -> 11.6 | D24: =0 -> 0 | E24: =0 -> 0 | F24: =0 -> 0 | G24: =0 -> 0 | H24: =0 -> 0 | I24: =0 -> 0 | J24: =0 -> 0 | K24: =0 -> 0 | L24: =0 -> 0 | M24: =11.6 -> 11.6 | N24: =0 -> 0 | O24: =5.8 -> 5.8
B25: 46206 | C25: =9.8 -> 9.8 | D25: =0 -> 0 | E25: =0 -> 0 | F25: =0 -> 0 | G25: =0 -> 0 | H25: =0 -> 0 | I25: =0 -> 0 | J25: =0 -> 0 | K25: =0 -> 0 | L25: =0 -> 0 | M25: =39.2 -> 39.2 | N25: =0 -> 0 | O25: =0 -> 0
B26: 46206 | C26: =17 -> 17 | D26: =0 -> 0 | E26: =0 -> 0 | F26: =0 -> 0 | G26: =0 -> 0 | H26: =0 -> 0 | I26: =0 -> 0 | J26: =0 -> 0 | K26: =0 -> 0 | ... O26: =0 -> 0
B27: 46206 | C27: =28.8 -> 28.8 | D27: =0 -> 0 | E27: =0 -> 0 | F27: =0 -> 0 | G27: =0 -> 0 | H27: =0 -> 0 | I27: =0 -> 0 | J27: =0 -> 0 | K27: =0 -> 0 | L27: =115.2 -> 115.2 | M27: =0 -> 0 | N27: =0 -> 0 | O27: =0 -> 0
B28: 46206 | C28: =0 -> 0 | D28: =20.5 -> 20.5 | E28: =0 -> 0 | F28: =0 -> 0 | G28: =0 -> 0 | H28: =0 -> 0 | I28: =0 -> 0 | J28: =0 -> 0 | K28: =0 -> 0 | L28: =0 -> 0 | M28: =0 -> 0 | N28: =20.5 -> 20.5 | O28: =0 -> 0
B29: 46206 | C29: =19.5 -> 19.5 | D29: =0 -> 0 | E29: =0 -> 0 | F29: =0 -> 0 | G29: =0 -> 0 | H29: =0 -> 0 | I29: =19.5 -> 19.5 | J29: =0 -> 0 | K29: =0 -> 0 | L29: =0 -> 0 | M29: =0 -> 0 | N29: =0 -> 0 | O29: =0 -> 0
B30: 46206 | C30: =0 -> 0 | D30: =0 -> 0 | E30: =0 -> 0 | F30: =0 -> 0 | G30: =0 -> 0 | H30: =0 -> 0 | I30: =0 -> 0 | J30: =0 -> 0 | ... M30: =0 -> 0 | N30: =15 -> 15 | O30: =0 -> 0
B31: 46206 | C31: =0 -> 0 | D31: =0 -> 0 | E31: =0 -> 0 | F31: =0 -> 0 | G31: =20 -> 20 | H31: =0 -> 0 | I31: =0 -> 0 | J31: =0 -> 0 | K31: =0 -> 0 | L31: =0 -> 0 | M31: =0 -> 0 | N31: =0 -> 0 | O31: =0 -> 0
B32: 46206 | C32: =0 -> 0 | D32: =11.6 -> 11.6 | E32: =0 -> 0 | F32: =0 -> 0 | G32: =0 -> 0 | H32: =0 -> 0 | I32: =0 -> 0 | J32: =0 -> 0 | K32: =0 -> 0 | L32: =0 -> 0 | M32: =0 -> 0 | N32: =46.4 -> 46.4 | O32: =0 -> 0
B33: 46206 | C33: =0 -> 0 | D33: =0 -> 0 | E33: =10.1 -> 10.1 | F33: =0 -> 0 | G33: =0 -> 0 | H33: =0 -> 0 | I33: =50.5 -> 50.5 | J33: =0 -> 0 | K33: =0 -> 0 | L33: =0 -> 0 | M33: =0 -> 0 | N33: =40.4 -> 40.4 | O33: =0 -> 0
B34: 46206 | C34: =15.2 -> 15.2 | D34: =0 -> 0 | E34: =0 -> 0 | F34: =0 -> 0 | G34: =22.8 -> 22.8 | H34: =0 -> 0 | I34: =0 -> 0 | J34: =0 -> 0 | K34: =0 -> 0 | L34: =0 -> 0 | M34: =0 -> 0 | N34: =0 -> 0 | O34: =0 -> 0
B35: 46207 | C35: =59 -> 59 | D35: =35.4 -> 35.4 | E35: =0 -> 0 | F35: =0 -> 0 | G35: =0 -> 0 | H35: =0 -> 0 | I35: =23.6 -> 23.6 | J35: =0 -> 0 | K35: =0 -> 0 | L35: =0 -> 0 | M35: =0 -> 0 | N35: =0 -> 0 | O35: =0 -> 0
B36: 46207 | C36: 0 | D36: 0 | E36: 0 | F36: 0 | G36: 0 | H36: 0 | I36: 0 | J36: 0 | K36: 0 | L36: 0 | M36: 0 | N36: 0 | O36: =132 -> 132
B37: 46207 | C37: =0 -> 0 | D37: =0 -> 0 | E37: =0 -> 0 | F37: =0 -> 0 | G37: =0 -> 0 | H37: =0 -> 0 | I37: =0 -> 0 | J37: =686 -> 686 | K37: =0 -> 0 | L37: =0 -> 0 | M37: =0 -> 0 | N37: =0 -> 0 | O37: =0 -> 0
B38: 46207 | C38: 0 | D38: 0 | E38: 0 | F38: 0 | G38: 0 | H38: 0 | I38: 0 | J38: 0 | K38: 0 | L38: 0 | M38: 0 | N38: 0 | O38: =6 -> 6
B39: 46207 | C39: =0 -> 0 | D39: =0 -> 0 | E39: =0 -> 0 | F39: =0 -> 0 | G39: =0 -> 0 | H39: =0 -> 0 | I39: =64.8 -> 64.8 | J39: =0 -> 0 | K39: =0 -> 0 | L39: =43.2 -> 43.2 | M39: =0 -> 0 | N39: =0 -> 0 | O39: =0 -> 0
B40: 46207 | C40: =24.8 -> 24.8 | D40: =0 -> 0 | E40: =0 -> 0 | F40: =0 -> 0 | G40: =0 -> 0 | H40: =0 -> 0 | I40: =12.4 -> 12.4 | J40: =24.8 -> 24.8 | K40: =0 -> 0 | L40: =0 -> 0 | M40: =12.4 -> 12.4 | N40: =24.8 -> 24.8 | O40: =24.8 -> 24.8
B41: 46207 | C41: =0 -> 0 | D41: =0 -> 0 | E41: =0 -> 0 | F41: =0 -> 0 | G41: =0 -> 0 | H41: =0 -> 0 | I41: =0 -> 0 | J41: =0 -> 0 | ... L41: =0 -> 0 | M41: =32 -> 32 | N41: =0 -> 0 | O41: =0 -> 0
B42: 46207 | C42: 0 | D42: 0 | E42: 0 | F42: 0 | G42: 0 | H42: 0 | I42: 0 | J42: 0 | K42: 0 | L42: 0 | M42: 0 | N42: 0 | O42: =35 -> 35
B43: 46207 | C43: =45.5 -> 45.5 | D43: =0 -> 0 | E43: =0 -> 0 | F43: =0 -> 0 | G43: =0 -> 0 | H43: =0 -> 0 | I43: =0 -> 0 | J43: =0 -> 0 | K43: =45.5 -> 45.5 | L43: =0 -> 0 | M43: =0 -> 0 | N43: =0 -> 0 | O43: =0 -> 0
B44: 46208 | C44: =0 -> 0 | D44: =0 -> 0 | E44: =0 -> 0 | F44: =0 -> 0 | G44: =0 -> 0 | H44: =0 -> 0 | I44: =25.6 -> 25.6 | J44: =0 -> 0 | K44: =0 -> 0 | L44: =0 -> 0 | M44: =0 -> 0 | N44: =0 -> 0 | O44: =6.4 -> 6.4
B45: 46208 | C45: 0 | D45: 0 | E45: 0 | F45: 0 | G45: 0 | H45: 0 | I45: 0 | J45: 0 | K45: 0 | L45: 0 | M45: 0 | N45: 0 | O45: =66 -> 66
B46: 46208 | C46: =0 -> 0 | D46: =0 -> 0 | E46: =0 -> 0 | F46: =0 -> 0 | G46: =0 -> 0 | H46: =0 -> 0 | I46: =0 -> 0 | J46: =0 -> 0 | ... L46: =0 -> 0 | M46: =37.2 -> 37.2 | N46: =0 -> 0 | O46: =24.8 -> 24.8
B47: 46208 | C47: =73.8 -> 73.8 | D47: =0 -> 0 | E47: =0 -> 0 | F47: =0 -> 0 | G47: =0 -> 0 | H47: =0 -> 0 | I47: =0 -> 0 | J47: =0 -> 0 | K47: =0 -> 0 | L47: =0 -> 0 | M47: =8.2 -> 8.2 | N47: =0 -> 0 | O47: =0 -> 0
B48: 46208 | C48: =0 -> 0 | D48: =0 -> 0 | E48: =0 -> 0 | F48: =0 -> 0 | G48: =22 -> 22 | H48: =0 -> 0 | I48: =13.2 -> 13.2 | J48: =0 -> 0 | K48: =0 -> 0 | L48: =0 -> 0 | M48: =8.8 -> 8.8 | N48: =0 -> 0 | O48: =0 -> 0
B49: 46208 | C49: =62.1 -> 62.1 | D49: =0 -> 0 | E49: =0 -> 0 | F49: =0 -> 0 | G49: =0 -> 0 | H49: =0 -> 0 | I49: =0 -> 0 | J49: =0 -> 0 | K49: =0 -> 0 | ... M49: =0 -> 0 | N49: =6.9 -> 6.9 | O49: =0 -> 0
B50: 46208 | C50: =3.5 -> 3.5 | D50: =0 -> 0 | E50: =0 -> 0 | F50: =0 -> 0 | G50: =0 -> 0 | H50: =0 -> 0 | I50: =0 -> 0 | J50: =0 -> 0 | K50: =0 -> 0 | L50: =0 -> 0 | M50: =21 -> 21 | N50: =0 -> 0 | O50: =10.5 -> 10.5
B51: 46208 | C51: 0 | D51: 0 | E51: 0 | F51: 0 | G51: 0 | H51: 0 | I51: 0 | J51: 0 | K51: 0 | L51: 0 | M51: 0 | N51: 0 | O51: =24 -> 24
B52: 46208 | C52: =0 -> 0 | D52: =0 -> 0 | E52: =0 -> 0 | F52: =0 -> 0 | G52: =0 -> 0 | H52: =0 -> 0 | I52: =0 -> 0 | J52: =0 -> 0 | ... L52: =0 -> 0 | M52: =22.4 -> 22.4 | N52: =0 -> 0 | O52: =5.6 -> 5.6
B53: 46208 | C53: =9.2 -> 9.2 | D53: =0 -> 0 | E53: =0 -> 0 | F53: =0 -> 0 | G53: =0 -> 0 | H53: =0 -> 0 | I53: =0 -> 0 | J53: =0 -> 0 | K53: =0 -> 0 | L53: =0 -> 0 | M53: =27.6 -> 27.6 | N53: =0 -> 0 | O53: =9.2 -> 9.2
B54: 46208 | C54: =0 -> 0 | D54: =0 -> 0 | E54: =0 -> 0 | F54: =0 -> 0 | G54: =0 -> 0 | H54: =0 -> 0 | I54: =39.2 -> 39.2 | J54: =0 -> 0 | K54: =0 -> 0 | L54: =0 -> 0 | M54: =0 -> 0 | N54: =0 -> 0 | O54: =9.8 -> 9.8
B55: 46208 | C55: =4.2 -> 4.2 | D55: =0 -> 0 | E55: =0 -> 0 | F55: =0 -> 0 | G55: =0 -> 0 | H55: =0 -> 0 | I55: =1.4 -> 1.4 | J55: =0 -> 0 | K55: =0 -> 0 | L55: =0 -> 0 | M55: =1.4 -> 1.4 | N55: =0 -> 0 | O55: =0 -> 0
B56: 46208 | C56: =59.2 -> 59.2 | D56: =0 -> 0 | E56: =0 -> 0 | F56: =0 -> 0 | G56: =0 -> 0 | H56: =0 -> 0 | I56: =0 -> 0 | J56: =0 -> 0 | K56: =0 -> 0 | ... N56: =0 -> 0 | O56: =14.8 -> 14.8
B57: 46208 | C57: =46 -> 46 | D57: =0 -> 0 | E57: =0 -> 0 | F57: =0 -> 0 | G57: =0 -> 0 | H57: =0 -> 0 | I57: =0 -> 0 | J57: =0 -> 0 | K57: =0 -> 0 | ... O57: =0 -> 0
B58: 46208 | C58: 0 | D58: 0 | E58: 0 | F58: 0 | G58: 0 | H58: 0 | I58: =151 -> 151 | J58: 0 | K58: 0 | L58: 0 | M58: 0 | N58: 0 | O58: 0
B59: 46208 | C59: 0 | D59: 0 | E59: 0 | F59: 0 | G59: 0 | H59: 0 | I59: 0 | J59: 0 | K59: 0 | L59: 0 | M59: 0 | N59: 0 | O59: =70 -> 70
B60: 46208 | C60: 0 | D60: 0 | E60: 0 | F60: 0 | G60: 0 | H60: 0 | I60: =97 -> 97 | J60: 0 | K60: 0 | L60: 0 | M60: 0 | N60: 0 | O60: 0
B61: 46208 | C61: =16.25 -> 16.25 | D61: =0 -> 0 | E61: =0 -> 0 | F61: =0 -> 0 | G61: =0 -> 0 | H61: =0 -> 0 | I61: =16.25 -> 16.25 | J61: =0 -> 0 | K61: =0 -> 0 | L61: =0 -> 0 | M61: =0 -> 0 | N61: =0 -> 0 | O61: =32.5 -> 32.5
B62: 46208 | C62: =2.4 -> 2.4 | D62: =0 -> 0 | E62: =0 -> 0 | F62: =0 -> 0 | G62: =0 -> 0 | H62: =0 -> 0 | I62: =2.4 -> 2.4 | J62: =0 -> 0 | K62: =0 -> 0 | L62: =0 -> 0 | M62: =19.2 -> 19.2 | N62: =0 -> 0 | O62: =0 -> 0
B63: 46209 | C63: =0 -> 0 | D63: =0 -> 0 | E63: =0 -> 0 | F63: =0 -> 0 | G63: =0 -> 0 | H63: =0 -> 0 | I63: =0 -> 0 | J63: =0 -> 0 | ... L63: =0 -> 0 | M63: =13.6 -> 13.6 | N63: =0 -> 0 | O63: =3.4 -> 3.4
B64: 46209 | C64: =0 -> 0 | D64: =0 -> 0 | E64: =0 -> 0 | F64: =0 -> 0 | G64: =0 -> 0 | H64: =0 -> 0 | I64: =23.8 -> 23.8 | J64: =0 -> 0 | K64: =0 -> 0 | L64: =0 -> 0 | M64: =10.2 -> 10.2 | N64: =0 -> 0 | O64: =0 -> 0
B65: 46209 | C65: =0 -> 0 | D65: =0 -> 0 | E65: =0 -> 0 | F65: =6.8 -> 6.8 | G65: =0 -> 0 | H65: =0 -> 0 | I65: =0 -> 0 | J65: =0 -> 0 | K65: =0 -> 0 | L65: =0 -> 0 | M65: =27.2 -> 27.2 | N65: =0 -> 0 | O65: =0 -> 0
B66: 46209 | C66: =0 -> 0 | D66: =0 -> 0 | E66: =0 -> 0 | F66: =0 -> 0 | G66: =0 -> 0 | H66: =0 -> 0 | I66: =66.6 -> 66.6 | J66: =0 -> 0 | K66: =0 -> 0 | L66: =0 -> 0 | M66: =0 -> 0 | N66: =0 -> 0 | O66: =7.4 -> 7.4
B67: 46209 | C67: =21.2 -> 21.2 | D67: =10.6 -> 10.6 | E67: =5.3 -> 5.3 | F67: =0 -> 0 | G67: =0 -> 0 | H67: =0 -> 0 | I67: =10.6 -> 10.6 | J67: =0 -> 0 | K67: =0 -> 0 | L67: =0 -> 0 | M67: =5.3 -> 5.3 | N67: =0 -> 0 | O67: =0 -> 0
B68: 46209 | C68: =0 -> 0 | D68: =0 -> 0 | E68: =0 -> 0 | F68: =8.1 -> 8.1 | G68: =0 -> 0 | H68: =0 -> 0 | I68: =2.7 -> 2.7 | J68: =0 -> 0 | K68: =0 -> 0 | L68: =0 -> 0 | M68: =8.1 -> 8.1 | N68: =0 -> 0 | O68: =8.1 -> 8.1
B69: 46209 | C69: =3.3 -> 3.3 | D69: =0 -> 0 | E69: =0 -> 0 | F69: =3.3 -> 3.3 | G69: =0 -> 0 | H69: =0 -> 0 | I69: =0 -> 0 | J69: =0 -> 0 | K69: =0 -> 0 | L69: =0 -> 0 | M69: =3.3 -> 3.3 | N69: =0 -> 0 | O69: =23.1 -> 23.1
B70: 46209 | C70: =21.5 -> 21.5 | D70: =17.2 -> 17.2 | E70: =4.3 -> 4.3 | F70: =0 -> 0 | G70: =0 -> 0 | H70: =0 -> 0 | I70: =0 -> 0 | J70: =0 -> 0 | K70: =0 -> 0 | L70: =0 -> 0 | M70: =0 -> 0 | ... O70: =0 -> 0
B71: 46209 | C71: =27.5 -> 27.5 | D71: =0 -> 0 | E71: =0 -> 0 | F71: =0 -> 0 | G71: =27.5 -> 27.5 | H71: =0 -> 0 | I71: =0 -> 0 | J71: =0 -> 0 | K71: =0 -> 0 | L71: =0 -> 0 | M71: =0 -> 0 | N71: =0 -> 0 | O71: =0 -> 0
B72: 46209 | C72: =14 -> 14 | D72: =0 -> 0 | E72: =0 -> 0 | F72: =0 -> 0 | G72: =0 -> 0 | H72: =0 -> 0 | I72: =11.2 -> 11.2 | J72: =0 -> 0 | K72: =0 -> 0 | L72: =0 -> 0 | M72: =2.8 -> 2.8 | N72: =0 -> 0 | O72: =0 -> 0
B73: 46209 | C73: 0 | D73: 0 | E73: 0 | F73: 0 | G73: 0 | H73: 0 | I73: 0 | J73: 0 | K73: 0 | L73: 0 | M73: 0 | N73: 0 | O73: =45 -> 45
B74: 46209 | C74: =5 -> 5 | D74: =0 -> 0 | E74: =0 -> 0 | F74: =0 -> 0 | G74: =0 -> 0 | H74: =0 -> 0 | I74: =45 -> 45 | J74: =0 -> 0 | K74: =0 -> 0 | L74: =0 -> 0 | M74: =0 -> 0 | N74: =0 -> 0 | O74: =0 -> 0
B75: 46209 | C75: =1.8 -> 1.8 | D75: =3.6 -> 3.6 | E75: =0 -> 0 | F75: =0 -> 0 | G75: =0 -> 0 | H75: =0 -> 0 | I75: =3.6 -> 3.6 | J75: =0 -> 0 | K75: =0 -> 0 | L75: =0 -> 0 | M75: =0 -> 0 | N75: =0 -> 0 | O75: =9 -> 9
B76: 46209 | C76: =0 -> 0 | D76: =0 -> 0 | E76: =0 -> 0 | F76: =0 -> 0 | G76: =6.3 -> 6.3 | H76: =0 -> 0 | I76: =50.4 -> 50.4 | J76: =0 -> 0 | K76: =0 -> 0 | L76: =0 -> 0 | M76: =6.3 -> 6.3 | N76: =0 -> 0 | O76: =0 -> 0
B77: 46209 | C77: 0 | D77: 0 | E77: 0 | F77: 0 | G77: 0 | H77: 0 | I77: =95 -> 95 | J77: 0 | K77: 0 | L77: 0 | M77: 0 | N77: 0 | O77: 0
B78: 46209 | C78: =0 -> 0 | D78: =0 -> 0 | E78: =0 -> 0 | F78: =0 -> 0 | G78: =0 -> 0 | H78: =0 -> 0 | I78: =60.3 -> 60.3 | J78: =0 -> 0 | K78: =0 -> 0 | L78: =0 -> 0 | M78: =0 -> 0 | N78: =6.7 -> 6.7 | O78: =0 -> 0
B79: 46209 | C79: 0 | D79: 0 | E79: 0 | F79: 0 | G79: 0 | H79: 0 | I79: =62 -> 62 | J79: 0 | K79: 0 | L79: 0 | M79: 0 | N79: 0 | O79: 0
B80: 46209 | C80: =3.8 -> 3.8 | D80: =0 -> 0 | E80: =0 -> 0 | F80: =0 -> 0 | G80: =0 -> 0 | H80: =0 -> 0 | I80: =34.2 -> 34.2 | J80: =0 -> 0 | K80: =0 -> 0 | L80: =0 -> 0 | M80: =0 -> 0 | N80: =0 -> 0 | O80: =0 -> 0
B81: 46209 | C81: =28 -> 28 | D81: =0 -> 0 | E81: =0 -> 0 | F81: =0 -> 0 | G81: =0 -> 0 | H81: =0 -> 0 | I81: =0 -> 0 | J81: =35 -> 35 | K81: =0 -> 0 | L81: =0 -> 0 | M81: =7 -> 7 | N81: =0 -> 0 | O81: =0 -> 0
B82: 46209 | C82: =11.1 -> 11.1 | D82: =3.7 -> 3.7 | E82: =0 -> 0 | F82: =0 -> 0 | G82: =0 -> 0 | H82: =0 -> 0 | I82: =11.1 -> 11.1 | J82: =11.1 -> 11.1 | K82: =0 -> 0 | L82: =0 -> 0 | M82: =0 -> 0 | N82: =0 -> 0 | O82: =0 -> 0
B83: 46209 | C83: =25.2 -> 25.2 | D83: =0 -> 0 | E83: =0 -> 0 | F83: =0 -> 0 | G83: =25.2 -> 25.2 | H83: =0 -> 0 | I83: =0 -> 0 | J83: =0 -> 0 | K83: =0 -> 0 | L83: =0 -> 0 | M83: =0 -> 0 | N83: =0 -> 0 | O83: =12.6 -> 12.6
B84: 46209 | C84: =7.2 -> 7.2 | D84: =4.8 -> 4.8 | E84: =0 -> 0 | F84: =0 -> 0 | G84: =0 -> 0 | H84: =0 -> 0 | I84: =9.6 -> 9.6 | J84: =0 -> 0 | K84: =0 -> 0 | L84: =0 -> 0 | M84: =0 -> 0 | N84: =0 -> 0 | O84: =2.4 -> 2.4
B85: 46210 | C85: =2 -> 2 | D85: =0 -> 0 | E85: =0 -> 0 | F85: =0 -> 0 | G85: =8 -> 8 | H85: =0 -> 0 | I85: =0 -> 0 | J85: =0 -> 0 | K85: =0 -> 0 | L85: =0 -> 0 | M85: =0 -> 0 | N85: =0 -> 0 | O85: =0 -> 0
B86: 46210 | C86: =0 -> 0 | D86: =0 -> 0 | E86: =0 -> 0 | F86: =0 -> 0 | G86: =0 -> 0 | H86: =0 -> 0 | I86: =34.4 -> 34.4 | J86: =0 -> 0 | K86: =0 -> 0 | L86: =0 -> 0 | M86: =8.6 -> 8.6 | N86: =0 -> 0 | O86: =0 -> 0
B87: 46210 | C87: =0 -> 0 | D87: =0 -> 0 | E87: =0 -> 0 | F87: =0 -> 0 | G87: =18 -> 18 | H87: =0 -> 0 | I87: =0 -> 0 | J87: =0 -> 0 | K87: =0 -> 0 | L87: =0 -> 0 | M87: =0 -> 0 | N87: =0 -> 0 | O87: =0 -> 0
B88: 46210 | C88: =5.9 -> 5.9 | D88: =0 -> 0 | E88: =0 -> 0 | F88: =0 -> 0 | G88: =0 -> 0 | H88: =0 -> 0 | I88: =29.5 -> 29.5 | J88: =0 -> 0 | K88: =0 -> 0 | L88: =0 -> 0 | M88: =23.6 -> 23.6 | N88: =0 -> 0 | O88: =0 -> 0
B89: 46210 | C89: =0 -> 0 | D89: =0 -> 0 | E89: =0 -> 0 | F89: =0 -> 0 | G89: =0 -> 0 | H89: =0 -> 0 | I89: =17 -> 17 | J89: =0 -> 0 | K89: =0 -> 0 | L89: =0 -> 0 | M89: =17 -> 17 | N89: =0 -> 0 | O89: =0 -> 0
B90: 46210 | C90: =0 -> 0 | D90: =0 -> 0 | E90: =0 -> 0 | F90: =0 -> 0 | G90: =0 -> 0 | H90: =0 -> 0 | I90: =0 -> 0 | J90: =0 -> 0 | ... L90: =0 -> 0 | M90: =25 -> 25 | N90: =0 -> 0 | O90: =0 -> 0
B91: 46210 | C91: 0 | D91: 0 | E91: 0 | F91: 0 | G91: 0 | H91: 0 | I91: 0 | J91: 0 | K91: 0 | L91: 0 | M91: 0 | N91: 0 | O91: =11 -> 11
B92: 46211 | C92: 0 | D92: 0 | E92: 0 | F92: 0 | G92: 0 | H92: 0 | I92: 0 | J92: 0 | K92: 0 | L92: 0 | M92: 0 | N92: 0 | O92: =64 -> 64
B93: 46211 | C93: =0 -> 0 | D93: =0 -> 0 | E93: =0 -> 0 | F93: =22 -> 22 | G93: =0 -> 0 | H93: =0 -> 0 | I93: =0 -> 0 | J93: =0 -> 0 | K93: =0 -> 0 | L93: =0 -> 0 | M93: =0 -> 0 | N93: =0 -> 0 | O93: =0 -> 0
B94: 46211 | C94: =0 -> 0 | D94: =0 -> 0 | E94: =0 -> 0 | F94: =26 -> 26 | G94: =0 -> 0 | H94: =0 -> 0 | I94: =0 -> 0 | J94: =0 -> 0 | K94: =0 -> 0 | L94: =0 -> 0 | M94: =0 -> 0 | N94: =0 -> 0 | O94: =0 -> 0
B95: 46211 | C95: =0 -> 0 | D95: =0 -> 0 | E95: =0 -> 0 | F95: =26 -> 26 | G95: =0 -> 0 | H95: =0 -> 0 | I95: =0 -> 0 | J95: =0 -> 0 | K95: =0 -> 0 | L95: =0 -> 0 | M95: =0 -> 0 | N95: =0 -> 0 | O95: =0 -> 0
B96: 46211 | C96: =0 -> 0 | D96: =0 -> 0 | E96: =0 -> 0 | F96: =0 -> 0 | G96: =0 -> 0 | H96: =0 -> 0 | I96: =0 -> 0 | J96: =533 -> 533 | K96: =0 -> 0 | L96: =0 -> 0 | M96: =0 -> 0 | N96: =0 -> 0 | O96: =0 -> 0
B97: 46211 | C97: =0 -> 0 | D97: =0 -> 0 | E97: =0 -> 0 | F97: =0 -> 0 | G97: =0 -> 0 | H97: =0 -> 0 | I97: =0 -> 0 | J97: =458 -> 458 | K97: =0 -> 0 | L97: =0 -> 0 | M97: =0 -> 0 | N97: =0 -> 0 | O97: =0 -> 0
B98: 46211 | C98: =16 -> 16 | D98: =0 -> 0 | E98: =0 -> 0 | F98: =0 -> 0 | G98: =0 -> 0 | H98: =0 -> 0 | I98: =0 -> 0 | J98: =0 -> 0 | K98: =0 -> 0 | ... O98: =0 -> 0
B99: 46211 | C99: =12.5 -> 12.5 | D99: =0 -> 0 | E99: =0 -> 0 | F99: =0 -> 0 | G99: =0 -> 0 | H99: =0 -> 0 | I99: =7.5 -> 7.5 | J99: =0 -> 0 | K99: =0 -> 0 | L99: =0 -> 0 | M99: =5 -> 5 | N99: =0 -> 0 | O99: =0 -> 0
B100: 46211 | C100: =0 -> 0 | D100: =13 -> 13 | E100: =0 -> 0 | F100: =0 -> 0 | G100: =0 -> 0 | H100: =0 -> 0 | I100: =0 -> 0 | J100: =0 -> 0 | K100: =0 -> 0 | L100: =0 -> 0 | ... O100: =0 -> 0
...

Sheet CollTubList
B1: Date | C1: Iron and steel | D1: Aluminium | E1: Other non-ferrous | F1: Mixed metals | G1: Textiles | H1: Mattresses | I1: Timber | J1: Bricks | K1: Demolition | L1: Paper and cardboard | M1: Plastics | N1: Glass | O1: Mixed materials
B2: 46205 | C2: 0 | D2: 0 | E2: 0 | F2: 0 | G2: 0 | H2: 0 | I2: 0 | J2: 0 | K2: 0 | L2: 0 | M2: 0 | N2: 0 | O2: =15 -> 15
B3: 46205 | C3: 0 | D3: 0 | E3: 0 | F3: 0 | G3: 0 | H3: 0 | I3: 0 | J3: 0 | K3: 0 | L3: 0 | M3: 0 | N3: 0 | O3: =37 -> 37
B4: 46206 | C4: 0 | D4: 0 | E4: 0 | F4: 0 | G4: 0 | H4: 0 | I4: 0 | J4: 0 | K4: 0 | L4: 0 | M4: 0 | N4: 0 | O4: =17 -> 17
B5: 46206 | C5: =0 -> 0 | D5: =0 -> 0 | E5: =0 -> 0 | F5: =2.8 -> 2.8 | G5: =0 -> 0 | H5: =0 -> 0 | I5: =0 -> 0 | J5: =0 -> 0 | K5: =0 -> 0 | L5: =0 -> 0 | M5: =0 -> 0 | N5: =4.2 -> 4.2 | O5: =7 -> 7
B6: 46207 | C6: =0 -> 0 | D6: =2.4 -> 2.4 | E6: =0 -> 0 | F6: =0 -> 0 | G6: =0 -> 0 | H6: =0 -> 0 | I6: =2.4 -> 2.4 | J6: =0 -> 0 | K6: =0 -> 0 | L6: =0 -> 0 | M6: =0 -> 0 | N6: =2.4 -> 2.4 | O6: =4.8 -> 4.8
B7: 46209 | C7: =0 -> 0 | D7: =0 -> 0 | E7: =0 -> 0 | F7: =0 -> 0 | G7: =0 -> 0 | H7: =0 -> 0 | I7: =0 -> 0 | J7: =0 -> 0 | ... M7: =0 -> 0 | N7: =12 -> 12 | O7: =12 -> 12
B8: 46210 | C8: =1 -> 1 | D8: =0 -> 0 | E8: =0 -> 0 | F8: =0 -> 0 | G8: =0 -> 0 | H8: =0 -> 0 | I8: =0 -> 0 | J8: =0 -> 0 | K8: =0 -> 0 | ... M8: =0 -> 0 | N8: =1 -> 1 | O8: =8 -> 8
B9: 46210 | C9: 0 | D9: 0 | E9: 0 | F9: 0 | G9: 0 | H9: 0 | I9: 0 | J9: 0 | K9: 0 | L9: 0 | M9: 0 | N9: 0 | O9: =14 -> 14
B10: 46212 | C10: =0 -> 0 | D10: =0 -> 0 | E10: =0 -> 0 | F10: =4 -> 4 | G10: =0 -> 0 | H10: =0 -> 0 | I10: =0 -> 0 | J10: =0 -> 0 | K10: =0 -> 0 | L10: =4 -> 4 | M10: =0 -> 0 | N10: =4 -> 4 | O10: =4 -> 4
B11: 46213 | C11: =2.1 -> 2.1 | D11: =0 -> 0 | E11: =0 -> 0 | F11: =0 -> 0 | G11: =0 -> 0 | H11: =0 -> 0 | I11: =0 -> 0 | J11: =0 -> 0 | K11: =0 -> 0 | ... M11: =0 -> 0 | N11: =6.3 -> 6.3 | O11: =12.6 -> 12.6
B12: 46213 | C12: =5.1 -> 5.1 | D12: =0 -> 0 | E12: =0 -> 0 | F12: =0 -> 0 | G12: =0 -> 0 | H12: =0 -> 0 | I12: =0 -> 0 | J12: =0 -> 0 | K12: =0 -> 0 | ... M12: =0 -> 0 | N12: =5.1 -> 5.1 | O12: =6.8 -> 6.8
B13: 46213 | C13: =0 -> 0 | D13: =0 -> 0 | E13: =0 -> 0 | F13: =0 -> 0 | G13: =0 -> 0 | H13: =0 -> 0 | I13: =0 -> 0 | J13: =0 -> 0 | K13: =0 -> 0 | L13: =8.4 -> 8.4 | M13: =0 -> 0 | N13: =5.6 -> 5.6 | O13: =14 -> 14
B14: 46213 | C14: =3.2 -> 3.2 | D14: =0 -> 0 | E14: =0 -> 0 | F14: =0 -> 0 | G14: =0 -> 0 | H14: =0 -> 0 | I14: =0 -> 0 | J14: =0 -> 0 | K14: =0 -> 0 | ... M14: =0 -> 0 | N14: =4.8 -> 4.8 | O14: =8 -> 8
B15: 46214 | C15: =0 -> 0 | D15: =0 -> 0 | E15: =0 -> 0 | F15: =3.6 -> 3.6 | G15: =7.2 -> 7.2 | H15: =0 -> 0 | I15: =0 -> 0 | J15: =0 -> 0 | K15: =0 -> 0 | L15: =0 -> 0 | M15: =3.6 -> 3.6 | N15: =0 -> 0 | O15: =3.6 -> 3.6
B16: 46215 | C16: =0 -> 0 | D16: =0 -> 0 | E16: =0 -> 0 | F16: =0 -> 0 | G16: =5.7 -> 5.7 | H16: =0 -> 0 | I16: =0 -> 0 | J16: =0 -> 0 | K16: =0 -> 0 | L16: =3.8 -> 3.8 | M16: =1.9 -> 1.9 | N16: =0 -> 0 | O16: =7.6 -> 7.6
B17: 46218 | C17: =0 -> 0 | D17: =0 -> 0 | E17: =0 -> 0 | F17: =0 -> 0 | G17: =0 -> 0 | H17: =0 -> 0 | I17: =4.2 -> 4.2 | J17: =0 -> 0 | K17: =0 -> 0 | L17: =0 -> 0 | M17: =0 -> 0 | N17: =4.2 -> 4.2 | O17: =5.6 -> 5.6
B18: 46218 | C18: =12.6 -> 12.6 | D18: =0 -> 0 | E18: =0 -> 0 | F18: =0 -> 0 | G18: =0 -> 0 | H18: =0 -> 0 | I18: =0 -> 0 | J18: =0 -> 0 | K18: =0 -> 0 | ... M18: =0 -> 0 | N18: =4.2 -> 4.2 | O18: =4.2 -> 4.2
B19: 46218 | C19: =21.6 -> 21.6 | D19: =0 -> 0 | E19: =0 -> 0 | F19: =0 -> 0 | G19: =0 -> 0 | H19: =0 -> 0 | I19: =0 -> 0 | J19: =0 -> 0 | K19: =0 -> 0 | ... M19: =0 -> 0 | N19: =2.7 -> 2.7 | O19: =2.7 -> 2.7
B20: 46218 | C20: =8.8 -> 8.8 | D20: =0 -> 0 | E20: =0 -> 0 | F20: =0 -> 0 | G20: =0 -> 0 | H20: =0 -> 0 | I20: =0 -> 0 | J20: =0 -> 0 | K20: =0 -> 0 | ... M20: =0 -> 0 | N20: =8.8 -> 8.8 | O20: =4.4 -> 4.4
B21: 46219 | C21: =0 -> 0 | D21: =0 -> 0 | E21: =0 -> 0 | F21: =2.8 -> 2.8 | G21: =0 -> 0 | H21: =0 -> 0 | I21: =5.6 -> 5.6 | J21: =0 -> 0 | K21: =0 -> 0 | L21: =0 -> 0 | M21: =2.8 -> 2.8 | N21: =0 -> 0 | O21: =2.8 -> 2.8
B22: 46222 | C22: =0 -> 0 | D22: =0 -> 0 | E22: =0 -> 0 | F22: =0 -> 0 | G22: =3 -> 3 | H22: =0 -> 0 | I22: =1.2 -> 1.2 | J22: =0 -> 0 | K22: =0 -> 0 | L22: =0 -> 0 | M22: =3 -> 3 | N22: =1.8 -> 1.8 | O22: =3 -> 3
B23: 46222 | C23: =0 -> 0 | D23: =0 -> 0 | E23: =0 -> 0 | F23: =0 -> 0 | G23: =4.5 -> 4.5 | H23: =0 -> 0 | I23: =0 -> 0 | J23: =0 -> 0 | K23: =0 -> 0 | L23: =4.5 -> 4.5 | M23: =0 -> 0 | N23: =0 -> 0 | O23: =9 -> 9
B24: 46222 | C24: =0 -> 0 | D24: =0 -> 0 | E24: =0 -> 0 | F24: =2.1 -> 2.1 | G24: =0 -> 0 | H24: =0 -> 0 | I24: =3.15 -> 3.15 | J24: =0 -> 0 | K24: =0 -> 0 | L24: =5.25 -> 5.25 | M24: =0 -> 0 | N24: =0 -> 0 | O24: =10.5 -> 10.5
B25: 46224 | C25: =3.6 -> 3.6 | D25: =0 -> 0 | E25: =0 -> 0 | F25: =0 -> 0 | G25: =0 -> 0 | H25: =0 -> 0 | I25: =0 -> 0 | J25: =0 -> 0 | K25: =0 -> 0 | L25: =0 -> 0 | M25: =3.6 -> 3.6 | N25: =0 -> 0 | O25: =4.8 -> 4.8
B26: 46225 | C26: =3.8 -> 3.8 | D26: =0 -> 0 | E26: =0 -> 0 | F26: =0 -> 0 | G26: =0 -> 0 | H26: =0 -> 0 | I26: =1.9 -> 1.9 | J26: =0 -> 0 | K26: =0 -> 0 | L26: =0 -> 0 | M26: =0 -> 0 | N26: =5.7 -> 5.7 | O26: =7.6 -> 7.6
B27: 46225 | C27: =0 -> 0 | D27: =0 -> 0 | E27: =0 -> 0 | F27: =0 -> 0 | G27: =0 -> 0 | H27: =0 -> 0 | I27: =6.4 -> 6.4 | J27: =0 -> 0 | K27: =0 -> 0 | L27: =0 -> 0 | M27: =0 -> 0 | N27: =6.4 -> 6.4 | O27: =3.2 -> 3.2
B28: 46225 | C28: =2.8 -> 2.8 | D28: =0 -> 0 | E28: =0 -> 0 | F28: =0 -> 0 | G28: =0 -> 0 | H28: =0 -> 0 | I28: =0 -> 0 | J28: =0 -> 0 | K28: =0 -> 0 | ... M28: =0 -> 0 | N28: =5.6 -> 5.6 | O28: =5.6 -> 5.6
B29: 46228 | C29: =1.9 -> 1.9 | D29: =3.8 -> 3.8 | E29: =0 -> 0 | F29: =0 -> 0 | G29: =0 -> 0 | H29: =0 -> 0 | I29: =1.9 -> 1.9 | J29: =0 -> 0 | K29: =0 -> 0 | L29: =0 -> 0 | M29: =5.7 -> 5.7 | N29: =0 -> 0 | O29: =5.7 -> 5.7
B30: 46228 | C30: =0 -> 0 | D30: =1.5 -> 1.5 | E30: =0 -> 0 | F30: =0 -> 0 | G30: =2.25 -> 2.25 | H30: =0 -> 0 | I30: =0 -> 0 | J30: =0 -> 0 | K30: =0 -> 0 | L30: =3.75 -> 3.75 | M30: =3.75 -> 3.75 | N30: =0 -> 0 | O30: =3.75 -> 3.75
B31: 46228 | C31: =0 -> 0 | D31: =0 -> 0 | E31: =0 -> 0 | F31: =0 -> 0 | G31: =7 -> 7 | H31: =0 -> 0 | I31: =0 -> 0 | J31: =0 -> 0 | K31: =0 -> 0 | L31: =7 -> 7 | M31: =0 -> 0 | N31: =0 -> 0 | O31: =14 -> 14
B32: 46231 | C32: 0 | D32: 0 | E32: 0 | F32: 0 | G32: 0 | H32: 0 | I32: 0 | J32: 0 | K32: 0 | L32: 0 | M32: 0 | N32: 0 | O32: =9 -> 9
B33: 46231 | C33: 0 | D33: 0 | E33: 0 | F33: 0 | G33: 0 | H33: 0 | I33: 0 | J33: 0 | K33: 0 | L33: 0 | M33: 0 | N33: 0 | O33: =15 -> 15
B34: 46231 | C34: =13.2 -> 13.2 | D34: =0 -> 0 | E34: =0 -> 0 | F34: =0 -> 0 | G34: =0 -> 0 | H34: =0 -> 0 | I34: =0 -> 0 | J34: =0 -> 0 | K34: =0 -> 0 | ... N34: =0 -> 0 | O34: =8.8 -> 8.8
B35: 46231 | C35: =9.6 -> 9.6 | D35: =0 -> 0 | E35: =0 -> 0 | F35: =0 -> 0 | G35: =0 -> 0 | H35: =0 -> 0 | I35: =0 -> 0 | J35: =0 -> 0 | K35: =0 -> 0 | ... M35: =0 -> 0 | N35: =2.4 -> 2.4 | O35: =0 -> 0
B36: 46231 | C36: =5.4 -> 5.4 | D36: =0 -> 0 | E36: =0 -> 0 | F36: =0 -> 0 | G36: =0 -> 0 | H36: =0 -> 0 | I36: =0 -> 0 | J36: =0 -> 0 | K36: =0 -> 0 | ... N36: =0 -> 0 | O36: =12.6 -> 12.6
B37: 46233 | C37: 0 | D37: 0 | E37: 0 | F37: 0 | G37: 0 | H37: 0 | I37: 0 | J37: 0 | K37: 0 | L37: 0 | M37: 0 | N37: 0 | O37: =22 -> 22
B38: 46233 | C38: =0 -> 0 | D38: =0 -> 0 | E38: =0 -> 0 | F38: =0 -> 0 | G38: =0 -> 0 | H38: =0 -> 0 | I38: =0 -> 0 | J38: =0 -> 0 | ... M38: =0 -> 0 | N38: =7.2 -> 7.2 | O38: =10.8 -> 10.8
B39: 46234 | C39: =0 -> 0 | D39: =0 -> 0 | E39: =0 -> 0 | F39: =0 -> 0 | G39: =0 -> 0 | H39: =0 -> 0 | I39: =0 -> 0 | J39: =0 -> 0 | ... L39: =0 -> 0 | M39: =8.4 -> 8.4 | N39: =0 -> 0 | O39: =5.6 -> 5.6
B40: 46237 | C40: 0 | D40: 0 | E40: 0 | F40: 0 | G40: 0 | H40: 0 | I40: 0 | J40: 0 | K40: 0 | L40: 0 | M40: 0 | N40: 0 | O40: =16 -> 16
B41: 46237 | C41: 0 | D41: 0 | E41: 0 | F41: 0 | G41: 0 | H41: 0 | I41: 0 | J41: 0 | K41: 0 | L41: 0 | M41: 0 | N41: 0 | O41: =18 -> 18
B42: 46237 | C42: 0 | D42: 0 | E42: 0 | F42: 0 | G42: 0 | H42: 0 | I42: 0 | J42: 0 | K42: 0 | L42: 0 | M42: 0 | N42: 0 | O42: =12 -> 12
B43: 46237 | C43: =0 -> 0 | D43: =0 -> 0 | E43: =0 -> 0 | F43: =0 -> 0 | G43: =0 -> 0 | H43: =0 -> 0 | I43: =0 -> 0 | J43: =0 -> 0 | ... L43: =0 -> 0 | M43: =6 -> 6 | N43: =0 -> 0 | O43: =0 -> 0
B44: 46237 | C44: 0 | D44: 0 | E44: 0 | F44: 0 | G44: 0 | H44: 0 | I44: 0 | J44: 0 | K44: 0 | L44: 0 | M44: 0 | N44: 0 | O44: =10 -> 10
B45: 46238 | C45: 0 | D45: 0 | E45: 0 | F45: 0 | G45: 0 | H45: 0 | I45: 0 | J45: 0 | K45: 0 | L45: 0 | M45: 0 | N45: 0 | O45: =15 -> 15
B46: 46238 | C46: 0 | D46: 0 | E46: 0 | F46: 0 | G46: 0 | H46: 0 | I46: 0 | J46: 0 | K46: 0 | L46: 0 | M46: 0 | N46: 0 | O46: =7 -> 7
B47: 46239 | C47: =3 -> 3 | D47: =0 -> 0 | E47: =0 -> 0 | F47: =0 -> 0 | G47: =2 -> 2 | H47: =0 -> 0 | I47: =0 -> 0 | J47: =0 -> 0 | K47: =0 -> 0 | L47: =0 -> 0 | M47: =3 -> 3 | N47: =0 -> 0 | O47: =2 -> 2
B48: 46239 | C48: =0 -> 0 | D48: =0 -> 0 | E48: =0 -> 0 | F48: =0 -> 0 | G48: =0 -> 0 | H48: =0 -> 0 | I48: =0 -> 0 | J48: =0 -> 0 | K48: =0 -> 0 | L48: =2.4 -> 2.4 | M48: =2.4 -> 2.4 | N48: =7.2 -> 7.2 | O48: =0 -> 0
B49: 46239 | C49: =0 -> 0 | D49: =0 -> 0 | E49: =0 -> 0 | F49: =0 -> 0 | G49: =0 -> 0 | H49: =0 -> 0 | I49: =0 -> 0 | J49: =0 -> 0 | K49: =0 -> 0 | L49: =12.8 -> 12.8 | M49: =0 -> 0 | N49: =3.2 -> 3.2 | O49: =0 -> 0
B50: 46239 | C50: =0 -> 0 | D50: =0 -> 0 | E50: =0 -> 0 | F50: =0 -> 0 | G50: =3 -> 3 | H50: =0 -> 0 | I50: =0 -> 0 | J50: =0 -> 0 | K50: =0 -> 0 | L50: =3 -> 3 | M50: =0 -> 0 | N50: =0 -> 0 | O50: =9 -> 9
B51: 46241 | C51: =2.8 -> 2.8 | D51: =0 -> 0 | E51: =0 -> 0 | F51: =0 -> 0 | G51: =0 -> 0 | H51: =0 -> 0 | I51: =0 -> 0 | J51: =0 -> 0 | K51: =0 -> 0 | L51: =0 -> 0 | M51: =2.8 -> 2.8 | N51: =0 -> 0 | O51: =8.4 -> 8.4
B52: 46246 | C52: =6 -> 6 | D52: =0 -> 0 | E52: =0 -> 0 | F52: =0 -> 0 | G52: =0 -> 0 | H52: =0 -> 0 | I52: =2 -> 2 | J52: =0 -> 0 | K52: =0 -> 0 | L52: =0 -> 0 | M52: =4 -> 4 | N52: =2 -> 2 | O52: =6 -> 6
B53: 46246 | C53: =0 -> 0 | D53: =0 -> 0 | E53: =0 -> 0 | F53: =0 -> 0 | G53: =0 -> 0 | H53: =0 -> 0 | I53: =0 -> 0 | J53: =0 -> 0 | K53: =0 -> 0 | L53: =22 -> 22 | M53: =0 -> 0 | N53: =0 -> 0 | O53: =0 -> 0
B54: 46246 | C54: =1.75 -> 1.75 | D54: =0 -> 0 | E54: =0 -> 0 | F54: =0 -> 0 | G54: =0 -> 0 | H54: =0 -> 0 | I54: =0 -> 0 | J54: =0 -> 0 | K54: =0 -> 0 | L54: =0 -> 0 | M54: =1.75 -> 1.75 | N54: =0 -> 0 | O54: =3.5 -> 3.5
B55: 46248 | C55: 0 | D55: 0 | E55: 0 | F55: 0 | G55: 0 | H55: 0 | I55: 0 | J55: 0 | K55: 0 | L55: 0 | M55: 0 | N55: 0 | O55: =16 -> 16
B56: 46250 | C56: =0 -> 0 | D56: =3 -> 3 | E56: =0 -> 0 | F56: =3 -> 3 | G56: =3 -> 3 | H56: =0 -> 0 | I56: =0 -> 0 | J56: =0 -> 0 | K56: =0 -> 0 | L56: =0 -> 0 | M56: =0 -> 0 | N56: =0 -> 0 | O56: =3 -> 3
B57: 46250 | C57: =0 -> 0 | D57: =0 -> 0 | E57: =0 -> 0 | F57: =1.4 -> 1.4 | G57: =0 -> 0 | H57: =0 -> 0 | I57: =0 -> 0 | J57: =0 -> 0 | K57: =0 -> 0 | L57: =1.4 -> 1.4 | M57: =2.8 -> 2.8 | N57: =5.6 -> 5.6 | O57: =2.8 -> 2.8
B58: 46251 | C58: 0 | D58: 0 | E58: 0 | F58: 0 | G58: 0 | H58: 0 | I58: 0 | J58: 0 | K58: 0 | L58: 0 | M58: 0 | N58: 0 | O58: =15 -> 15
B59: 46255 | C59: =0 -> 0 | D59: =0 -> 0 | E59: =0 -> 0 | F59: =0 -> 0 | G59: =0 -> 0 | H59: =0 -> 0 | I59: =0 -> 0 | J59: =0 -> 0 | K59: =0 -> 0 | L59: =5.5 -> 5.5 | M59: =2.2 -> 2.2 | N59: =2.2 -> 2.2 | O59: =1.1 -> 1.1
B60: 46257 | C60: =0 -> 0 | D60: =1.5 -> 1.5 | E60: =0 -> 0 | F60: =1.5 -> 1.5 | G60: =1.5 -> 1.5 | H60: =0 -> 0 | I60: =0 -> 0 | J60: =0 -> 0 | K60: =0 -> 0 | L60: =3 -> 3 | M60: =3 -> 3 | N60: =4.5 -> 4.5 | O60: =0 -> 0
B61: 46257 | C61: =0 -> 0 | D61: =1.4 -> 1.4 | E61: =0 -> 0 | F61: =0 -> 0 | G61: =0 -> 0 | H61: =0 -> 0 | I61: =0 -> 0 | J61: =0 -> 0 | K61: =0 -> 0 | L61: =2.8 -> 2.8 | M61: =0 -> 0 | N61: =5.6 -> 5.6 | O61: =4.2 -> 4.2
B62: 46260 | C62: 0 | D62: 0 | E62: 0 | F62: 0 | G62: 0 | H62: 0 | I62: 0 | J62: 0 | K62: 0 | L62: 0 | M62: 0 | N62: 0 | O62: =18 -> 18
B63: 46261 | C63: 0 | D63: 0 | E63: 0 | F63: 0 | G63: 0 | H63: 0 | I63: 0 | J63: 0 | K63: 0 | L63: 0 | M63: 0 | N63: 0 | O63: =22 -> 22
B64: 46262 | C64: 0 | D64: 0 | E64: 0 | F64: 0 | G64: 0 | H64: 0 | I64: 0 | J64: 0 | K64: 0 | L64: 0 | M64: 0 | N64: 0 | O64: =25 -> 25
B65: 46262 | C65: =0 -> 0 | D65: =0 -> 0 | E65: =0 -> 0 | F65: =0 -> 0 | G65: =5.4 -> 5.4 | H65: =0 -> 0 | I65: =0 -> 0 | J65: =0 -> 0 | K65: =0 -> 0 | L65: =12.6 -> 12.6 | M65: =0 -> 0 | N65: =0 -> 0 | O65: =0 -> 0
B66: 46262 | C66: 0 | D66: 0 | E66: 0 | F66: 0 | G66: 0 | H66: 0 | I66: 0 | J66: 0 | K66: 0 | L66: 0 | M66: 0 | N66: 0 | O66: =7 -> 7
B67: 46262 | C67: =0 -> 0 | D67: =0 -> 0 | E67: =0 -> 0 | F67: =0 -> 0 | G67: =2.4 -> 2.4 | H67: =0 -> 0 | I67: =0 -> 0 | J67: =0 -> 0 | K67: =0 -> 0 | L67: =0 -> 0 | M67: =0 -> 0 | N67: =0 -> 0 | O67: =5.6 -> 5.6
B68: 46262 | C68: =3 -> 3 | D68: =0 -> 0 | E68: =0 -> 0 | F68: =0 -> 0 | G68: =3 -> 3 | H68: =0 -> 0 | I68: =0 -> 0 | J68: =0 -> 0 | K68: =0 -> 0 | L68: =0 -> 0 | M68: =3 -> 3 | N68: =0 -> 0 | O68: =6 -> 6
B69: 46263 | C69: 0 | D69: 0 | E69: 0 | F69: 0 | G69: 0 | H69: 0 | I69: 0 | J69: 0 | K69: 0 | L69: 0 | M69: 0 | N69: 0 | O69: =12 -> 12
B70: 46266 | C70: 0 | D70: 0 | E70: 0 | F70: 0 | G70: 0 | H70: 0 | I70: 0 | J70: 0 | K70: 0 | L70: 0 | M70: 0 | N70: 0 | O70: =18 -> 18
B71: 46266 | C71: 0 | D71: 0 | E71: 0 | F71: 0 | G71: 0 | H71: 0 | I71: 0 | J71: 0 | K71: 0 | L71: 0 | M71: 0 | N71: 0 | O71: =17 -> 17
B72: 46266 | C72: =15 -> 15 | D72: =0 -> 0 | E72: =0 -> 0 | F72: =0 -> 0 | G72: =0 -> 0 | H72: =0 -> 0 | I72: =0 -> 0 | J72: =0 -> 0 | K72: =0 -> 0 | ... O72: =0 -> 0
B73: 46266 | C73: 0 | D73: 0 | E73: 0 | F73: 0 | G73: 0 | H73: 0 | I73: 0 | J73: 0 | K73: 0 | L73: 0 | M73: 0 | N73: 0 | O73: =25 -> 25
B74: 46277 | C74: 0 | D74: 0 | E74: 0 | F74: 0 | G74: 0 | H74: 0 | I74: 0 | J74: 0 | K74: 0 | L74: 0 | M74: 0 | N74: 0 | O74: =15 -> 15
B75: 46279 | C75: 0 | D75: 0 | E75: 0 | F75: 0 | G75: 0 | H75: 0 | I75: 0 | J75: 0 | K75: 0 | L75: 0 | M75: 0 | N75: 0 | O75: =25 -> 25
B76: 46279 | C76: 0 | D76: 0 | E76: 0 | F76: 0 | G76: 0 | H76: 0 | I76: 0 | J76: 0 | K76: 0 | L76: 0 | M76: 0 | N76: 0 | O76: =10 -> 10
B77: 46279 | C77: 0 | D77: 0 | E77: 0 | F77: 0 | G77: 0 | H77: 0 | I77: 0 | J77: 0 | K77: 0 | L77: 0 | M77: 0 | N77: 0 | O77: =17 -> 17
B78: 46279 | C78: 0 | D78: 0 | E78: 0 | F78: 0 | G78: 0 | H78: 0 | I78: 0 | J78: 0 | K78: 0 | L78: 0 | M78: 0 | N78: 0 | O78: =13 -> 13
B79: 46279 | C79: 0 | D79: 0 | E79: 0 | F79: 0 | G79: 0 | H79: 0 | I79: 0 | J79: 0 | K79: 0 | L79: 0 | M79: 0 | N79: 0 | O79: =15 -> 15
B80: 46279 | C80: 0 | D80: 0 | E80: 0 | F80: 0 | G80: 0 | H80: 0 | I80: 0 | J80: 0 | K80: 0 | L80: 0 | M80: 0 | N80: 0 | O80: =15 -> 15
B81: 46279 | C81: 0 | D81: 0 | E81: 0 | F81: 0 | G81: 0 | H81: 0 | I81: 0 | J81: 0 | K81: 0 | L81: 0 | M81: 0 | N81: 0 | O81: =18 -> 18
B82: 46280 | C82: 0 | D82: 0 | E82: 0 | F82: 0 | G82: 0 | H82: 0 | I82: 0 | J82: 0 | K82: 0 | L82: 0 | M82: 0 | N82: 0 | O82: =20 -> 20
B83: 46287 | C83: 0 | D83: 0 | E83: 0 | F83: 0 | G83: 0 | H83: 0 | I83: 0 | J83: 0 | K83: 0 | L83: 0 | M83: 0 | N83: 0 | O83: =19 -> 19
B84: 46287 | C84: 0 | D84: 0 | E84: 0 | F84: 0 | G84: 0 | H84: 0 | I84: 0 | J84: 0 | K84: 0 | L84: 0 | M84: 0 | N84: 0 | O84: =7 -> 7
B85: 46287 | C85: 0 | D85: 0 | E85: 0 | F85: 0 | G85: 0 | H85: 0 | I85: 0 | J85: 0 | K85: 0 | L85: 0 | M85: 0 | N85: 0 | O85: =15 -> 15
B86: 46287 | C86: 0 | D86: 0 | E86: 0 | F86: 0 | G86: 0 | H86: 0 | I86: 0 | J86: 0 | K86: 0 | L86: 0 | M86: 0 | N86: 0 | O86: =12 -> 12
B87: 46288 | C87: 0 | D87: 0 | E87: 0 | F87: 0 | G87: 0 | H87: 0 | I87: 0 | J87: 0 | K87: 0 | L87: 0 | M87: 0 | N87: 0 | O87: =16 -> 16
B88: 46290 | C88: 0 | D88: 0 | E88: 0 | F88: 0 | G88: 0 | H88: 0 | I88: 0 | J88: 0 | K88: 0 | L88: 0 | M88: 0 | N88: 0 | O88: =13 -> 13
B89: 46290 | C89: 0 | D89: 0 | E89: 0 | F89: 0 | G89: 0 | H89: 0 | I89: 0 | J89: 0 | K89: 0 | L89: 0 | M89: 0 | N89: 0 | O89: =17 -> 17
B90: 46290 | C90: =0 -> 0 | D90: =0 -> 0 | E90: =0 -> 0 | F90: =0 -> 0 | G90: =0 -> 0 | H90: =0 -> 0 | I90: =0 -> 0 | J90: =0 -> 0 | K90: =0 -> 0 | L90: =22 -> 22 | M90: =0 -> 0 | N90: =0 -> 0 | O90: =0 -> 0
B91: 46290 | C91: 0 | D91: 0 | E91: 0 | F91: 0 | G91: 0 | H91: 0 | I91: 0 | J91: 0 | K91: 0 | L91: 0 | M91: 0 | N91: 0 | O91: =12 -> 12
B92: 46290 | C92: =0 -> 0 | D92: =0 -> 0 | E92: =0 -> 0 | F92: =0 -> 0 | G92: =0 -> 0 | H92: =0 -> 0 | I92: =8 -> 8 | J92: =0 -> 0 | K92: =0 -> 0 | L92: =0 -> 0 | M92: =0 -> 0 | N92: =0 -> 0 | O92: =0 -> 0
B93: 46290 | C93: 0 | D93: 0 | E93: 0 | F93: 0 | G93: 0 | H93: 0 | I93: 0 | J93: 0 | K93: 0 | L93: 0 | M93: 0 | N93: 0 | O93: =38 -> 38
B94: 46291 | C94: 0 | D94: 0 | E94: 0 | F94: 0 | G94: 0 | H94: 0 | I94: 0 | J94: 0 | K94: 0 | L94: 0 | M94: 0 | N94: 0 | O94: =18 -> 18
B95: 46292 | C95: 0 | D95: 0 | E95: 0 | F95: 0 | G95: 0 | H95: 0 | I95: 0 | J95: 0 | K95: 0 | L95: 0 | M95: 0 | N95: 0 | O95: =17 -> 17
B96: 46292 | C96: =0 -> 0 | D96: =1.6 -> 1.6 | E96: =0 -> 0 | F96: =4.8 -> 4.8 | G96: =0 -> 0 | H96: =0 -> 0 | I96: =0 -> 0 | J96: =0 -> 0 | K96: =0 -> 0 | L96: =1.6 -> 1.6 | M96: =0 -> 0 | N96: =8 -> 8 | O96: =0 -> 0
B97: 46293 | C97: 0 | D97: 0 | E97: 0 | F97: 0 | G97: 0 | H97: 0 | I97: 0 | J97: 0 | K97: 0 | L97: 0 | M97: 0 | N97: 0 | O97: =20 -> 20
B98: 46294 | C98: =2.9 -> 2.9 | D98: =1.45 -> 1.45 | E98: =0 -> 0 | F98: =0 -> 0 | G98: =5.8 -> 5.8 | H98: =0 -> 0 | I98: =1.45 -> 1.45 | J98: =2.9 -> 2.9 | K98: =0 -> 0 | L98: =0 -> 0 | M98: =0 -> 0 | N98: =0 -> 0 | O98: =0 -> 0
B99: 46294 | C99: 0 | D99: 0 | E99: 0 | F99: 0 | G99: 0 | H99: 0 | I99: 0 | J99: 0 | K99: 0 | L99: 0 | M99: 0 | N99: 0 | O99: =15 -> 15
B100: 46296 | C100: =0 -> 0 | D100: =0 -> 0 | E100: =0 -> 0 | F100: =0 -> 0 | G100: =0 -> 0 | H100: =0 -> 0 | I100: =0 -> 0 | J100: =0 -> 0 | K100: =0 -> 0 | L100: =149 -> 149 | M100: =0 -> 0 | N100: =0 -> 0 | O100: =0 -> 0
...

Sheet PickupList
B1: Date | C1: Iron and steel | D1: Aluminium | E1: Other non-ferrous | F1: Mixed metals | G1: Textiles | H1: Mattresses | I1: Timber | J1: Bricks | K1: Building & Demolition | L1: Paper and cardboard | M1: Plastics | N1: Glass | O1: Mixed materials
B2: 46205 | C2: =100 -> 100 | D2: =0 -> 0 | E2: =0 -> 0 | F2: =0 -> 0 | G2: =0 -> 0 | H2: =0 -> 0 | I2: =0 -> 0 | J2: =0 -> 0 | K2: =0 -> 0 | ... O2: =0 -> 0
B3: 46205 | C3: =400 -> 400 | D3: =0 -> 0 | E3: =0 -> 0 | F3: =0 -> 0 | G3: =0 -> 0 | H3: =0 -> 0 | I3: =0 -> 0 | J3: =0 -> 0 | K3: =0 -> 0 | ... O3: =0 -> 0
B4: 46209 | C4: =0 -> 0 | D4: =0 -> 0 | E4: =0 -> 0 | F4: =0 -> 0 | G4: =63 -> 63 | H4: =0 -> 0 | I4: =7 -> 7 | J4: =0 -> 0 | K4: =0 -> 0 | L4: =0 -> 0 | M4: =0 -> 0 | N4: =0 -> 0 | O4: =0 -> 0
B5: 46209 | C5: =0 -> 0 | D5: =0 -> 0 | E5: =0 -> 0 | F5: =0 -> 0 | G5: =0 -> 0 | H5: =0 -> 0 | I5: =90 -> 90 | J5: =0 -> 0 | K5: =0 -> 0 | L5: =0 -> 0 | M5: =10 -> 10 | N5: =0 -> 0 | O5: =0 -> 0
B6: 46209 | C6: 0 | D6: 0 | E6: 0 | F6: 0 | G6: 0 | H6: 0 | I6: =40 -> 40 | J6: 0 | K6: 0 | L6: 0 | M6: 0 | N6: 0 | O6: 0
B7: 46216 | C7: =0 -> 0 | D7: =0 -> 0 | E7: =0 -> 0 | F7: =0 -> 0 | G7: =0 -> 0 | H7: =0 -> 0 | I7: =0 -> 0 | J7: =0 -> 0 | ... L7: =0 -> 0 | M7: =100 -> 100 | N7: =0 -> 0 | O7: =0 -> 0
B8: 46216 | C8: =100 -> 100 | D8: =0 -> 0 | E8: =0 -> 0 | F8: =0 -> 0 | G8: =0 -> 0 | H8: =0 -> 0 | I8: =0 -> 0 | J8: =0 -> 0 | K8: =0 -> 0 | ... O8: =0 -> 0
B9: 46216 | C9: =0 -> 0 | D9: =0 -> 0 | E9: =0 -> 0 | F9: =0 -> 0 | G9: =0 -> 0 | H9: =40 -> 40 | I9: =0 -> 0 | J9: =0 -> 0 | K9: =0 -> 0 | L9: =0 -> 0 | M9: =0 -> 0 | N9: =0 -> 0 | O9: =0 -> 0
B10: 46223 | C10: =0 -> 0 | D10: =0 -> 0 | E10: =0 -> 0 | F10: =0 -> 0 | G10: =0 -> 0 | H10: =0 -> 0 | I10: =0 -> 0 | J10: =0 -> 0 | ... L10: =0 -> 0 | M10: =60 -> 60 | N10: =0 -> 0 | O10: =0 -> 0
B11: 46223 | C11: 0 | D11: 0 | E11: 0 | F11: 0 | G11: 0 | H11: 0 | I11: =50 -> 50 | J11: 0 | K11: 0 | L11: 0 | M11: 0 | N11: 0 | O11: 0
B12: 46226 | C12: =150 -> 150 | D12: =0 -> 0 | E12: =0 -> 0 | F12: =0 -> 0 | G12: =0 -> 0 | H12: =0 -> 0 | I12: =0 -> 0 | J12: =0 -> 0 | K12: =0 -> 0 | ... O12: =0 -> 0
B13: 46226 | C13: =60 -> 60 | D13: =0 -> 0 | E13: =0 -> 0 | F13: =0 -> 0 | G13: =0 -> 0 | H13: =0 -> 0 | I13: =240 -> 240 | J13: =0 -> 0 | K13: =0 -> 0 | L13: =0 -> 0 | M13: =0 -> 0 | N13: =0 -> 0 | O13: =0 -> 0
B14: 46233 | C14: =800 -> 800 | D14: =0 -> 0 | E14: =0 -> 0 | F14: =0 -> 0 | G14: =0 -> 0 | H14: =0 -> 0 | I14: =0 -> 0 | J14: =0 -> 0 | K14: =0 -> 0 | ... O14: =0 -> 0
B15: 46233 | C15: 0 | D15: 0 | E15: 0 | F15: 0 | G15: 0 | H15: 0 | I15: =200 -> 200 | J15: 0 | K15: 0 | L15: 0 | M15: 0 | N15: 0 | O15: 0
B16: 46237 | C16: =180 -> 180 | D16: =0 -> 0 | E16: =0 -> 0 | F16: =0 -> 0 | G16: =0 -> 0 | H16: =0 -> 0 | I16: =0 -> 0 | J16: =0 -> 0 | K16: =0 -> 0 | ... O16: =0 -> 0
B17: 46237 | C17: =0 -> 0 | D17: =0 -> 0 | E17: =0 -> 0 | F17: =0 -> 0 | G17: =0 -> 0 | H17: =0 -> 0 | I17: =0 -> 0 | J17: =0 -> 0 | ... N17: =0 -> 0 | O17: =650 -> 650
B18: 46239 | C18: =135 -> 135 | D18: =0 -> 0 | E18: =0 -> 0 | F18: =0 -> 0 | G18: =0 -> 0 | H18: =0 -> 0 | I18: =0 -> 0 | J18: =0 -> 0 | K18: =0 -> 0 | L18: =0 -> 0 | M18: =15 -> 15 | N18: =0 -> 0 | O18: =0 -> 0
B19: 46244 | C19: =50 -> 50 | D19: =0 -> 0 | E19: =0 -> 0 | F19: =0 -> 0 | G19: =0 -> 0 | H19: =0 -> 0 | I19: =0 -> 0 | J19: =0 -> 0 | K19: =0 -> 0 | ... O19: =0 -> 0
B20: 46251 | C20: =9 -> 9 | D20: =0 -> 0 | E20: =0 -> 0 | F20: =0 -> 0 | G20: =18 -> 18 | H20: =0 -> 0 | I20: =0 -> 0 | J20: =0 -> 0 | K20: =0 -> 0 | L20: =0 -> 0 | M20: =0 -> 0 | N20: =0 -> 0 | O20: =3 -> 3
B21: 46251 | C21: =0 -> 0 | D21: =0 -> 0 | E21: =0 -> 0 | F21: =0 -> 0 | G21: =0 -> 0 | H21: =0 -> 0 | I21: =30 -> 30 | J21: =0 -> 0 | K21: =10 -> 10 | L21: =0 -> 0 | M21: =0 -> 0 | N21: =60 -> 60 | O21: =0 -> 0
B22: 46251 | C22: =0 -> 0 | D22: =0 -> 0 | E22: =0 -> 0 | F22: =0 -> 0 | G22: =0 -> 0 | H22: =80 -> 80 | I22: =0 -> 0 | J22: =0 -> 0 | K22: =0 -> 0 | L22: =0 -> 0 | M22: =0 -> 0 | N22: =0 -> 0 | O22: =0 -> 0
B23: 46254 | C23: =0 -> 0 | D23: =0 -> 0 | E23: =0 -> 0 | F23: =0 -> 0 | G23: =0 -> 0 | H23: =200 -> 200 | I23: =0 -> 0 | J23: =0 -> 0 | K23: =0 -> 0 | L23: =0 -> 0 | M23: =0 -> 0 | N23: =0 -> 0 | O23: =0 -> 0
B24: 46254 | C24: =100 -> 100 | D24: =0 -> 0 | E24: =0 -> 0 | F24: =0 -> 0 | G24: =0 -> 0 | H24: =0 -> 0 | I24: =0 -> 0 | J24: =0 -> 0 | K24: =0 -> 0 | ... O24: =0 -> 0
B25: 46265 | C25: =126 -> 126 | D25: =0 -> 0 | E25: =14 -> 14 | F25: =0 -> 0 | G25: =0 -> 0 | H25: =0 -> 0 | I25: =0 -> 0 | J25: =0 -> 0 | K25: =0 -> 0 | L25: =0 -> 0 | M25: =0 -> 0 | ... O25: =0 -> 0
B26: 46265 | C26: =12 -> 12 | D26: =0 -> 0 | E26: =0 -> 0 | F26: =0 -> 0 | G26: =12 -> 12 | H26: =0 -> 0 | I26: =84 -> 84 | J26: =0 -> 0 | K26: =0 -> 0 | L26: =0 -> 0 | M26: =0 -> 0 | N26: =0 -> 0 | O26: =12 -> 12
B27: 46265 | C27: =15 -> 15 | D27: =0 -> 0 | E27: =0 -> 0 | F27: =0 -> 0 | G27: =0 -> 0 | H27: =0 -> 0 | I27: =15 -> 15 | J27: =0 -> 0 | K27: =0 -> 0 | L27: =0 -> 0 | M27: =0 -> 0 | N27: =0 -> 0 | O27: =0 -> 0
B28: 46265 | C28: =0 -> 0 | D28: =30 -> 30 | E28: =0 -> 0 | F28: =0 -> 0 | G28: =0 -> 0 | H28: =0 -> 0 | I28: =0 -> 0 | J28: =0 -> 0 | K28: =0 -> 0 | L28: =0 -> 0 | M28: =0 -> 0 | N28: =270 -> 270 | O28: =0 -> 0
B29: 46265 | C29: =40 -> 40 | D29: =0 -> 0 | E29: =0 -> 0 | F29: =0 -> 0 | G29: =0 -> 0 | H29: =0 -> 0 | I29: =0 -> 0 | J29: =0 -> 0 | K29: =0 -> 0 | ... O29: =0 -> 0
B30: 46272 | C30: =120 -> 120 | D30: =0 -> 0 | E30: =0 -> 0 | F30: =0 -> 0 | G30: =80 -> 80 | H30: =0 -> 0 | I30: =80 -> 80 | J30: =0 -> 0 | K30: =0 -> 0 | L30: =0 -> 0 | M30: =80 -> 80 | N30: =0 -> 0 | O30: =40 -> 40
B31: 46272 | C31: =320 -> 320 | D31: =0 -> 0 | E31: =0 -> 0 | F31: =0 -> 0 | G31: =0 -> 0 | H31: =0 -> 0 | I31: =480 -> 480 | J31: =0 -> 0 | K31: =0 -> 0 | L31: =0 -> 0 | M31: =0 -> 0 | N31: =0 -> 0 | O31: =0 -> 0
B32: 46275 | C32: =180 -> 180 | D32: =0 -> 0 | E32: =0 -> 0 | F32: =60 -> 60 | G32: =0 -> 0 | H32: =0 -> 0 | I32: =120 -> 120 | J32: =0 -> 0 | K32: =0 -> 0 | L32: =0 -> 0 | M32: =0 -> 0 | N32: =180 -> 180 | O32: =60 -> 60
B33: 46275 | C33: =140 -> 140 | D33: =20 -> 20 | E33: =40 -> 40 | F33: =0 -> 0 | G33: =0 -> 0 | H33: =0 -> 0 | I33: =0 -> 0 | J33: =0 -> 0 | K33: =0 -> 0 | L33: =0 -> 0 | M33: =0 -> 0 | ... O33: =0 -> 0
B34: 46279 | C34: =240 -> 240 | D34: =0 -> 0 | E34: =0 -> 0 | F34: =0 -> 0 | G34: =0 -> 0 | H34: =0 -> 0 | I34: =360 -> 360 | J34: =0 -> 0 | K34: =0 -> 0 | L34: =0 -> 0 | M34: =0 -> 0 | N34: =0 -> 0 | O34: =0 -> 0
B35: 46279 | C35: =60 -> 60 | D35: =0 -> 0 | E35: =0 -> 0 | F35: =0 -> 0 | G35: =0 -> 0 | H35: =0 -> 0 | I35: =60 -> 60 | J35: =0 -> 0 | K35: =0 -> 0 | L35: =0 -> 0 | M35: =40 -> 40 | N35: =0 -> 0 | O35: =40 -> 40
B36: 46282 | C36: =200 -> 200 | D36: =0 -> 0 | E36: =0 -> 0 | F36: =0 -> 0 | G36: =0 -> 0 | H36: =0 -> 0 | I36: =0 -> 0 | J36: =0 -> 0 | K36: =0 -> 0 | ... O36: =0 -> 0
B37: 46286 | C37: =9 -> 9 | D37: =0 -> 0 | E37: =0 -> 0 | F37: =0 -> 0 | G37: =0 -> 0 | H37: =0 -> 0 | I37: =81 -> 81 | J37: =0 -> 0 | K37: =0 -> 0 | L37: =0 -> 0 | M37: =0 -> 0 | N37: =0 -> 0 | O37: =0 -> 0
B38: 46286 | C38: =0 -> 0 | D38: =0 -> 0 | E38: =0 -> 0 | F38: =0 -> 0 | G38: =0 -> 0 | H38: =0 -> 0 | I38: =27 -> 27 | J38: =0 -> 0 | K38: =0 -> 0 | L38: =0 -> 0 | M38: =0 -> 0 | N38: =3 -> 3 | O38: =0 -> 0
B39: 46286 | C39: =120 -> 120 | D39: =0 -> 0 | E39: =0 -> 0 | F39: =0 -> 0 | G39: =0 -> 0 | H39: =0 -> 0 | I39: =200 -> 200 | J39: =0 -> 0 | K39: =0 -> 0 | L39: =0 -> 0 | M39: =0 -> 0 | N39: =0 -> 0 | O39: =80 -> 80
B40: 46286 | C40: =30 -> 30 | D40: =0 -> 0 | E40: =0 -> 0 | F40: =0 -> 0 | G40: =30 -> 30 | H40: =0 -> 0 | I40: =0 -> 0 | J40: =0 -> 0 | K40: =0 -> 0 | L40: =0 -> 0 | M40: =45 -> 45 | N40: =30 -> 30 | O40: =15 -> 15
B41: 46286 | C41: =0 -> 0 | D41: =0 -> 0 | E41: =0 -> 0 | F41: =0 -> 0 | G41: =24 -> 24 | H41: =0 -> 0 | I41: =96 -> 96 | J41: =0 -> 0 | K41: =0 -> 0 | L41: =0 -> 0 | M41: =0 -> 0 | N41: =0 -> 0 | O41: =0 -> 0
B42: 46286 | C42: =60 -> 60 | D42: =0 -> 0 | E42: =0 -> 0 | F42: =0 -> 0 | G42: =0 -> 0 | H42: =0 -> 0 | I42: =80 -> 80 | J42: =60 -> 60 | K42: =0 -> 0 | L42: =0 -> 0 | M42: =0 -> 0 | N42: =0 -> 0 | O42: =0 -> 0
B43: 46289 | C43: =0 -> 0 | D43: =0 -> 0 | E43: =0 -> 0 | F43: =0 -> 0 | G43: =0 -> 0 | H43: =0 -> 0 | I43: =0 -> 0 | J43: =0 -> 0 | K43: =350 -> 350 | L43: =0 -> 0 | M43: =0 -> 0 | N43: =0 -> 0 | O43: =0 -> 0
B44: 46293 | C44: =0 -> 0 | D44: =0 -> 0 | E44: =0 -> 0 | F44: =0 -> 0 | G44: =14 -> 14 | H44: =0 -> 0 | I44: =56 -> 56 | J44: =0 -> 0 | K44: =0 -> 0 | L44: =0 -> 0 | M44: =0 -> 0 | N44: =0 -> 0 | O44: =0 -> 0
B45: 46293 | C45: =4 -> 4 | D45: =0 -> 0 | E45: =0 -> 0 | F45: =0 -> 0 | G45: =4 -> 4 | H45: =0 -> 0 | I45: =8 -> 8 | J45: =0 -> 0 | K45: =0 -> 0 | L45: =8 -> 8 | M45: =8 -> 8 | N45: =8 -> 8 | O45: =0 -> 0
B46: 46293 | C46: =0 -> 0 | D46: =0 -> 0 | E46: =0 -> 0 | F46: =0 -> 0 | G46: =20 -> 20 | H46: =0 -> 0 | I46: =20 -> 20 | J46: =0 -> 0 | K46: =0 -> 0 | L46: =0 -> 0 | M46: =20 -> 20 | N46: =0 -> 0 | O46: =40 -> 40
B47: 46296 | C47: =180 -> 180 | D47: =0 -> 0 | E47: =0 -> 0 | F47: =0 -> 0 | G47: =0 -> 0 | H47: =0 -> 0 | I47: =270 -> 270 | J47: =0 -> 0 | K47: =0 -> 0 | L47: =270 -> 270 | M47: =0 -> 0 | N47: =90 -> 90 | O47: =90 -> 90
B48: 46296 | C48: =0 -> 0 | D48: =0 -> 0 | E48: =0 -> 0 | F48: =0 -> 0 | G48: =0 -> 0 | H48: =0 -> 0 | I48: =240 -> 240 | J48: =0 -> 0 | K48: =0 -> 0 | L48: =0 -> 0 | M48: =0 -> 0 | N48: =60 -> 60 | O48: =0 -> 0

Sheet ElecCrateList
B1: Date | C1: Ewaste (TVs etc) | D1: Mixed Materials
B2: 46204 | C2: =0 -> 0 | D2: =97 -> 97
B3: 46205 | C3: =0 -> 0 | D3: =157 -> 157
B4: 46209 | C4: =0 -> 0 | D4: =103 -> 103
B5: 46209 | C5: =5.3 -> 5.3 | D5: =100.7 -> 100.7
B6: 46209 | C6: =0 -> 0 | D6: =155 -> 155
B7: 46210 | C7: =0 -> 0 | D7: =143 -> 143
B8: 46211 | C8: =13.9 -> 13.9 | D8: =125.1 -> 125.1
B9: 46211 | C9: =8.5 -> 8.5 | D9: =161.5 -> 161.5
B10: 46213 | C10: =0 -> 0 | D10: =102 -> 102
B11: 46218 | C11: =7.35 -> 7.35 | D11: =139.65 -> 139.65
B12: 46218 | C12: =0 -> 0 | D12: =154 -> 154
B13: 46220 | C13: =0 -> 0 | D13: =134 -> 134
B14: 46222 | C14: =140 -> 140 | D14: =0 -> 0
B15: 46222 | C15: =8.2 -> 8.2 | D15: =155.8 -> 155.8
B16: 46225 | C16: =7.9 -> 7.9 | D16: =150.1 -> 150.1
B17: 46225 | C17: =0 -> 0 | D17: =118 -> 118
B18: 46226 | C18: =0 -> 0 | D18: =112 -> 112
B19: 46231 | C19: =0 -> 0 | D19: =149 -> 149
B20: 46233 | C20: =0 -> 0 | D20: =114 -> 114
B21: 46233 | C21: =0 -> 0 | D21: =157 -> 157
B22: 46238 | C22: =0 -> 0 | D22: =116 -> 116
B23: 46239 | C23: =18.9 -> 18.9 | D23: =107.1 -> 107.1
B24: 46240 | C24: =0 -> 0 | D24: =127 -> 127
B25: 46241 | C25: =0 -> 0 | D25: =73 -> 73
B26: 46241 | C26: =0 -> 0 | D26: =103 -> 103
B27: 46244 | C27: =0 -> 0 | D27: =135 -> 135
B28: 46246 | C28: =0 -> 0 | D28: =139 -> 139
B29: 46248 | C29: =0 -> 0 | D29: =108 -> 108
B30: 46248 | C30: =0 -> 0 | D30: =124 -> 124
B31: 46254 | C31: =0 -> 0 | D31: =99 -> 99
B32: 46254 | C32: =0 -> 0 | D32: =120 -> 120
B33: 46258 | C33: =78.3 -> 78.3 | D33: =8.7 -> 8.7
B34: 46261 | C34: =0 -> 0 | D34: =143 -> 143
B35: 46261 | C35: =0 -> 0 | D35: =103 -> 103
B36: 46262 | C36: =0 -> 0 | D36: =114 -> 114
B37: 46266 | C37: =9 -> 9 | D37: =81 -> 81
B38: 46266 | C38: =5.65 -> 5.65 | D38: =107.35 -> 107.35
B39: 46266 | C39: =0 -> 0 | D39: =152 -> 152
B40: 46269 | C40: =7.15 -> 7.15 | D40: =135.85 -> 135.85
B41: 46269 | C41: =0 -> 0 | D41: =125 -> 125
B42: 46272 | C42: =0 -> 0 | D42: =114 -> 114
B43: 46272 | C43: =117 -> 117 | D43: =13 -> 13
B44: 46274 | C44: =0 -> 0 | D44: =134 -> 134
B45: 46275 | C45: =0 -> 0 | D45: =153 -> 153
B46: 46281 | C46: =0 -> 0 | D46: =143 -> 143
B47: 46282 | C47: =10.9 -> 10.9 | D47: =98.1 -> 98.1
B48: 46287 | C48: =4.95 -> 4.95 | D48: =94.05 -> 94.05
B49: 46287 | C49: =0 -> 0 | D49: =174 -> 174
B50: 46288 | C50: =0 -> 0 | D50: =184 -> 184
B51: 46288 | C51: =0 -> 0 | D51: =131 -> 131
B52: 46289 | C52: =6.35 -> 6.35 | D52: =120.65 -> 120.65
B53: 46289 | C53: =41 -> 41 | D53: =0 -> 0
B54: 46293 | C54: =0 -> 0 | D54: =110 -> 110
B55: 46294 | C55: =0 -> 0 | D55: =126 -> 126
B56: 46294 | C56: =0 -> 0 | D56: =148 -> 148
B57: 46295 | C57: =30 -> 30 | D57: =120 -> 120
B58: 46296 | C58: =6.25 -> 6.25 | D58: =118.75 -> 118.75
B59: 46296 | C59: =0 -> 0 | D59: =145 -> 145
B60: 46302 | C60: =8.25 -> 8.25 | D60: =156.75 -> 156.75
B61: 46307 | C61: =0 -> 0 | D61: =111 -> 111
B62: 46307 | C62: =0 -> 0 | D62: =139 -> 139
B63: 46309 | C63: =0 -> 0 | D63: =158 -> 158
B64: 46309 | C64: =0 -> 0 | D64: =146 -> 146
B65: 46310 | C65: =0 -> 0 | D65: =116 -> 116
B66: 46315 | C66: =0 -> 0 | D66: =126 -> 126

Sheet ElecPalletList
B1: Date | C1: Ewaste (TVs etc) | D1: Mixed Materials
B2: 46204 | C2: =36 -> 36 | D2: =84 -> 84
B3: 46204 | C3: =0 -> 0 | D3: =46 -> 46
B4: 46204 | C4: =0 -> 0 | D4: =103 -> 103
B5: 46204 | C5: =0 -> 0 | D5: =182 -> 182
B6: 46204 | C6: =85 -> 85 | D6: =0 -> 0
B7: 46206 | C7: =0 -> 0 | D7: =224 -> 224
B8: 46209 | C8: =57.5 -> 57.5 | D8: =57.5 -> 57.5
B9: 46209 | C9: =0 -> 0 | D9: =166 -> 166
B10: 46210 | C10: =26.2 -> 26.2 | D10: =104.8 -> 104.8
B11: 46213 | C11: =0 -> 0 | D11: =68 -> 68
B12: 46213 | C12: =0 -> 0 | D12: =119 -> 119
B13: 46217 | C13: =0 -> 0 | D13: =33 -> 33
B14: 46220 | C14: =70 -> 70 | D14: =0 -> 0
B15: 46222 | C15: =25.8 -> 25.8 | D15: =60.2 -> 60.2
B16: 46222 | C16: =82.6 -> 82.6 | D16: =35.4 -> 35.4
B17: 46222 | C17: =42.8 -> 42.8 | D17: =64.2 -> 64.2
B18: 46222 | C18: =11.8 -> 11.8 | D18: =106.2 -> 106.2
B19: 46222 | C19: =36.9 -> 36.9 | D19: =86.1 -> 86.1
B20: 46224 | C20: =113 -> 113 | D20: =0 -> 0
B21: 46224 | C21: =25 -> 25 | D21: =25 -> 25
B22: 46227 | C22: =16.2 -> 16.2 | D22: =91.8 -> 91.8
B23: 46227 | C23: =3.5 -> 3.5 | D23: =66.5 -> 66.5
B24: 46227 | C24: =54 -> 54 | D24: =54 -> 54
B25: 46234 | C25: =9 -> 9 | D25: =36 -> 36
B26: 46238 | C26: =11.3 -> 11.3 | D26: =101.7 -> 101.7
B27: 46238 | C27: =0 -> 0 | D27: =114 -> 114
B28: 46238 | C28: =23 -> 23 | D28: =69 -> 69
B29: 46238 | C29: =31.5 -> 31.5 | D29: =94.5 -> 94.5
B30: 46238 | C30: =11.6 -> 11.6 | D30: =104.4 -> 104.4
B31: 46238 | C31: =4.35 -> 4.35 | D31: =82.65 -> 82.65
B32: 46238 | C32: =10.2 -> 10.2 | D32: =40.8 -> 40.8
B33: 46238 | C33: =0 -> 0 | D33: =59 -> 59
B34: 46238 | C34: =0 -> 0 | D34: =73 -> 73
B35: 46241 | C35: =0 -> 0 | D35: =28 -> 28
B36: 46241 | C36: =106.4 -> 106.4 | D36: =45.6 -> 45.6
B37: 46241 | C37: =0 -> 0 | D37: =86 -> 86
B38: 46241 | C38: =41.2 -> 41.2 | D38: =61.8 -> 61.8
B39: 46241 | C39: =79.5 -> 79.5 | D39: =79.5 -> 79.5
B40: 46244 | C40: =0 -> 0 | D40: =134 -> 134
B41: 46247 | C41: =7.1 -> 7.1 | D41: =63.9 -> 63.9
B42: 46247 | C42: =52.5 -> 52.5 | D42: =52.5 -> 52.5
B43: 46247 | C43: =48 -> 48 | D43: =72 -> 72
B44: 46253 | C44: =0 -> 0 | D44: =137 -> 137
B45: 46253 | C45: =13.6 -> 13.6 | D45: =122.4 -> 122.4
B46: 46253 | C46: =0 -> 0 | D46: =104 -> 104
B47: 46253 | C47: =55.6 -> 55.6 | D47: =83.4 -> 83.4
B48: 46254 | C48: =0 -> 0 | D48: =63 -> 63
B49: 46254 | C49: =0 -> 0 | D49: =69 -> 69
B50: 46254 | C50: =0 -> 0 | D50: =64 -> 64
B51: 46254 | C51: =0 -> 0 | D51: =79 -> 79
B52: 46258 | C52: =47 -> 47 | D52: =47 -> 47
B53: 46258 | C53: =0 -> 0 | D53: =74 -> 74
B54: 46261 | C54: =47.5 -> 47.5 | D54: =47.5 -> 47.5
B55: 46261 | C55: =0 -> 0 | D55: =70 -> 70
B56: 46261 | C56: =0 -> 0 | D56: =73 -> 73
B57: 46262 | C57: =0 -> 0 | D57: =96 -> 96
B58: 46266 | C58: =8.8 -> 8.8 | D58: =79.2 -> 79.2
B59: 46269 | C59: =76 -> 76 | D59: =0 -> 0
B60: 46269 | C60: =16.65 -> 16.65 | D60: =94.35 -> 94.35
B61: 46272 | C61: =90 -> 90 | D61: =10 -> 10
B62: 46274 | C62: =32 -> 32 | D62: =48 -> 48
B63: 46274 | C63: =58.5 -> 58.5 | D63: =58.5 -> 58.5
B64: 46274 | C64: =16.8 -> 16.8 | D64: =4.2 -> 4.2
B65: 46275 | C65: =11 -> 11 | D65: =99 -> 99
B66: 46280 | C66: =0 -> 0 | D66: =38 -> 38
B67: 46280 | C67: =20.4 -> 20.4 | D67: =81.6 -> 81.6
B68: 46280 | C68: =0 -> 0 | D68: =118 -> 118
B69: 46281 | C69: =0 -> 0 | D69: =118 -> 118
B70: 46281 | C70: =22.4 -> 22.4 | D70: =89.6 -> 89.6
B71: 46282 | C71: =0 -> 0 | D71: =60 -> 60
B72: 46282 | C72: =39.6 -> 39.6 | D72: =59.4 -> 59.4
B73: 46287 | C73: =11.5 -> 11.5 | D73: =103.5 -> 103.5
B74: 46288 | C74: =0 -> 0 | D74: =271 -> 271
B75: 46290 | C75: =47 -> 47 | D75: =47 -> 47
B76: 46290 | C76: =0 -> 0 | D76: =140 -> 140
B77: 46293 | C77: =45 -> 45 | D77: =45 -> 45
B78: 46307 | C78: =96.3 -> 96.3 | D78: =10.7 -> 10.7
B79: 46307 | C79: =20.2 -> 20.2 | D79: =80.8 -> 80.8
B80: 46307 | C80: =7.2 -> 7.2 | D80: =64.8 -> 64.8
B81: 46307 | C81: =42.5 -> 42.5 | D81: =42.5 -> 42.5
B82: 46307 | C82: =0 -> 0 | D82: =15 -> 15
B83: 46310 | C83: =75 -> 75 | D83: =0 -> 0
B84: 46311 | C84: =0 -> 0 | D84: =72 -> 72
B85: 46311 | C85: =150.5 -> 150.5 | D85: =64.5 -> 64.5
B86: 46311 | C86: =13.5 -> 13.5 | D86: =121.5 -> 121.5
B87: 46311 | C87: =23.55 -> 23.55 | D87: =133.45 -> 133.45
B88: 46315 | C88: =0 -> 0 | D88: =87 -> 87
B89: 46316 | C89: =26.4 -> 26.4 | D89: =105.6 -> 105.6

Sheet Whitegoods
B2: July | C2: 10
B3: August | C3: 15
B4: September | C4: 20
B5: October
B6: November
B7: December
B8: January
B9: February
B10: March
B11: April
B12: May
B13: June

Sheet Scrap
C3: Iron and steel | D3: Aluminium | E3: Other Non-Ferrous | F3: Mixed Metals | G3: Ewaste
B4: July | C4: 1920 | D4: 310 | E4: 989 | F4: 191 | G4: 1928
B5: August | C5: 0 | D5: 532 | E5: 529 | F5: 0 | G5: 655
B6: September | C6: 0 | D6: 0 | E6: 0 | F6: 0 | G6: 477
B7: October
B8: November
B9: December
B10: January
B11: February
B12: March
B13: April
B14: May
B15: June

Sheet Ewaste Pickups
C1: Brighton | D1: Baretta | E1: Huonville
B2: July | C2: 0 | D2: 0 | E2: 0
B3: August | C3: =120+348 -> 468 | E3: 1360
B4: September
B5: October
B6: November
B7: December
B8: January
B9: February
B10: March
B11: April
B12: May
B13: June

Sheet Monthly Return Crunching
C2: Enter data in green cells
C3: No touchy red cells, they get calculated automatically
C5: OWF (Salvage Down)
C6: Iron and steel | D6: Aluminium | E6: Other Non-Ferrous | F6: Mixed Metals | G6: Ewaste | H6: Lead Acid Batteries | I6: Timber | J6: Bricks | K6: Building and Demolition | L6: Whitegoods | M6: Paper and Cardboard | N6: Plastics | O6: Glass | P6: Mixed Materials
C7: 2922 | D7: 78 | E7: 572 | F7: 472 | G7: 1309 | H7: 752 | I7: 2666 | J7: 6554.5 | K7: 24 | L7: 0 | M7: 132.5 | N7: 470 | O7: 4 | P7: 4125
C9: MSW
C10: Iron and steel | D10: Aluminium | E10: Other non-ferrous | F10: Mixed metals | G10: Textiles | H10: Mattresses | I10: Timber | J10: Bricks | K10: Building and Demolition | L10: Paper and cardboard | M10: Plastics | N10: Glass | O10: Mixed materials | Q10: Ewaste
B11: Crates | C11: 256.35 | D11: 75.8 | E11: 0 | F11: 308.3 | G11: 3655.55 | H11: 0 | I11: 133.4 | J11: 0 | K11: 22 | L11: 2564.5 | M11: 692.2 | N11: 368.7 | O11: 4492.2
B12: Pallets | C12: 2682.9 | D12: 381.65 | E12: 440.5 | F12: 931.05 | G12: 1067.27 | H12: 191.9 | I12: 6132.01 | J12: 1599.6 | K12: 350.3 | L12: 46 | M12: 1663.36 | N12: 691.3 | O12: 4112.36
B13: Coll Tubs | C13: 17.9 | D13: 3.05 | E13: 0 | F13: 4.8 | G13: 5.8 | H13: 0 | I13: 9.45 | J13: 2.9 | K13: 0 | L13: 23.6 | M13: 0 | N13: 8 | O13: 427
B14: Pickup | C14: 223 | D14: 0 | E14: 0 | F14: 0 | G14: 92 | H14: 0 | I14: 568 | J14: 60 | K14: 350 | L14: 8 | M14: 73 | N14: 41 | O14: 135 | P14: 0 | Q14: =C32 -> 727.65 | R14: ELEC
C15: =SUM(C11:C14) -> 3180.15 | D15: =SUM(D11:D14) -> 460.5 | E15: =SUM(E11:E14) -> 440.5 | F15: =SUM(F11:F14) -> 1244.15 | G15: =SUM(G11:G14) -> 4820.62 | H15: =SUM(H11:H14) -> 191.9 | I15: =SUM(I11:I14) -> 6842.86 | J15: =SUM(J11:J14) -> 1662.5 | ... O15: =SUM(O11:O14) -> 9166.56 | Q15: =(I24-(G7*0.44))*0.2 -> 40.208 | R15: Ewaste exc steel - salvage exc steel
C16: =C15 -> 3180.15 | D16: =D15 -> 460.5 | E16: =E15 -> 440.5 | F16: =F15 -> 1244.15 | G16: =G15 -> 4820.62 | H16: =H15 -> 191.9 | I16: =I15 -> 6842.86 | J16: =J15 -> 1662.5 | ... N16: =N15 -> 1109 | O16: =(O15+D32)-(M20-M19)-(Q20-Q16) -> 13950.215 | P16: <- + ELEC
C18: RTL (Salvage Up) | M18: Ewaste C&I | Q18: Ewaste MSW | R18: MSW Inc steel
C19: Iron and steel | D19: Timber | E19: Textiles | F19: Plastics | G19: Paper and Cardboard | H19: Mattresses | I19: Ewaste | J19: Glass | K19: Mixed Materials | M19: =(I24-(G7*0.44))*0.8 -> 160.832 | N19: Exc steel | O19: 0.8 | Q19: =(Q14+(Q15/0.44)) -> 819.03182
C20: 1336 | D20: 1146 | E20: 1232 | F20: 1650 | G20: 338 | H20: 0 | I20: 956 | J20: 408 | K20: 8162 | M20: =M19/0.44 -> 365.52727 | N20: Inc steel
C22: Scrap
C23: Iron and steel | D23: Aluminium | E23: Other Non-Ferrous | F23: Mixed Metals | G23: Ewaste | I23: Net Ewaste | M23: Ewaste Carry Over | P23: Ewaste Pickups
C24: 0 | D24: 0 | E24: 0 | F24: 0 | G24: 1977 | I24: =G24-M24-(SUM(Q24:Q26)*0.44) -> 777 | L24: Previous Month | M24: 1200 | P24: Brighton | Q24: 0
L25: This Month | M25: 1500 | P25: Baretta | Q25: 0
C26: ELEC | P26: Huonville | Q26: 0
C27: Ewaste | D27: Mixed | F27: Whitegoods (count) | J27: whitegood weight
B28: Crates | C28: 232 | D28: 2464 | F28: 20 | J28: 48 | P28: TV Waste Disposal
B29: Pallets | C29: 495.65 | D29: 1564.35 | F29: =F28*J28 -> 960 | P29: Brighton
P30: Baretta
C31: Ewaste | D31: Mixed | P31: Huonville
B32: Total | C32: =C28+C29 -> 727.65 | D32: =D28+D29+F29 -> 4988.35
P33: How to separate these? Is it tracked?
C34: 5% of Elec is ewaste (tvs, monitors etc) | L34: Ewaste: 56% steel, 44% other
C35: Other 95% is mixed materials
L36: Carry over ewaste:
L37: Ewaste numbers for C&I and MSW can be negative if we have had a month where we salvaged and picked up a lot of ewaste but did not process it yet
L38: In thie situation we need to bring forward some processed ewaste from the next month so that these figures are not negative
L39: To do this, increase the ewaste number in cell G24 until the numbers in M19:20 and Q19 are positive
L40: Use cell M25 to make a note of how much you increased it by
L41: When clearing the green cells to input the next month's data, move the value from M25 to M24
L42: This will reduce the next month's ewaste figure so that the amount that was brought forward is not counted twice

Sheet MonthlyNRE
C2: In | D2: Out | F2: Copy Into Annual Return:
B3: Aluminium - salvaged - MSW | C3: ='Monthly Return Crunching'!D7/1000 -> 0.078 | D3: =C3 -> 0.078 | F3: Month: | G3: 3
B4: Aluminium - drop off - MSW | C4: ='Monthly Return Crunching'!D16/1000 -> 0.4605 | D4: =C4 -> 0.4605
B5: Bricks - salvaged -MSW | C5: ='Monthly Return Crunching'!J7/1000 -> 6.5545 | D5: =C5 -> 6.5545
B6: Bricks - drop off - MSW | C6: ='Monthly Return Crunching'!J16/1000 -> 1.6625 | D6: =C6 -> 1.6625
B7: Building and demolition material - salvaged - MSW | C7: ='Monthly Return Crunching'!K7/1000 -> 0.024 | D7: =C7 -> 0.024
B8: Building and demolition material - drop off - MSW | C8: ='Monthly Return Crunching'!K16/1000 -> 0.7223 | D8: =C8 -> 0.7223
B9: E-waste - salvaged - MSW | C9: ='Monthly Return Crunching'!G7/1000 -> 1.309 | D9: =(C9-(D34*(C9/(C9+C10+C11))))+SUM(C12:C14) -> 0.80714544 | G9: 1 | H9: July
B10: E-waste - drop off - MSW | C10: ='Monthly Return Crunching'!Q19/1000 -> 0.81903182 | D10: =('Monthly Return Crunching'!Q19/1000)-(D34*(C10/(C9+C10+C11))) -> 0.50502506 | G10: 2 | H10: August
B11: E-waste - drop off - C&I | C11: ='Monthly Return Crunching'!M20/1000 -> 0.36552727 | D11: =(C11-(D34*(C11/(C11+C10+C9)))) -> 0.2253886 | G11: 3 | H11: September
B12: E-waste - Salvaged - MSW - Brighton Council WTS | C12: ='Monthly Return Crunching'!Q24/1000 -> 0 | G12: 4 | H12: October
B13: E-waste - Salvaged - MSW - Baretta Waste & Recycling Centre | C13: ='Monthly Return Crunching'!Q25/1000 -> 0 | G13: 5 | H13: November
B14: E-waste - Salvaged - MSW - Southbridge WTS | C14: ='Monthly Return Crunching'!Q26/1000 -> 0 | G14: 6 | H14: December
B15: Glass - salvaged - MSW | C15: ='Monthly Return Crunching'!O7/1000 -> 0.004 | D15: =C15-(D40*(C15/(C15+C16))) -> 0.0025336927 | G15: 7 | H15: January
B16: Glass - drop off - MSW | C16: ='Monthly Return Crunching'!N16/1000 -> 1.109 | D16: =C16-(D40*(C16/(C16+C15))) -> 0.70246631 | G16: 8 | H16: February
B17: Iron and steel - salvaged - MSW | C17: ='Monthly Return Crunching'!C7/1000 -> 2.922 | D17: =C17-(D39*(C17/(C17+C18))) -> 2.2822596 | G17: 9 | H17: March
B18: Iron and steel - drop off - MSW | C18: ='Monthly Return Crunching'!C16/1000 -> 3.18015 | D18: =C18-(D39*(C18/(C18+C17))) -> 2.4838904 | G18: 10 | H18: April
B19: Lead acid batteries - salvaged - MSW | C19: ='Monthly Return Crunching'!H7/1000 -> 0.752 | D19: =C19 -> 0.752 | G19: 11 | H19: May
B20: Lead acid batteries - drop off - MSW | C20: 0 | D20: =C20 -> 0 | G20: 12 | H20: June
B21: Mattresses - drop off - MSW | C21: ='Monthly Return Crunching'!H16/1000 -> 0.1919 | D21: =C21-D36 -> 0.1919
B22: Mixed materials - salvaged - MSW | C22: ='Monthly Return Crunching'!P7/1000 -> 4.125 | D22: =C22-(D33*(C22/(C22+C23))) -> 2.262325
B23: Mixed materials - drop off - MSW | C23: ='Monthly Return Crunching'!O16/1000 -> 13.950215 | D23: =C23-(D33*(C23/(C23+C22))) -> 7.6508897
B24: Mixed metals - salvaged - MSW | C24: ='Monthly Return Crunching'!F7/1000 -> 0.472 | D24: =C24 -> 0.472
B25: Mixed metals - drop off - MSW | C25: ='Monthly Return Crunching'!F16/1000 -> 1.24415 | D25: =C25 -> 1.24415
B26: Mixed Plastics - salvaged - MSW | C26: ='Monthly Return Crunching'!N7/1000 -> 0.47 | D26: =C26-(D38*(C26/(C26+C27))) -> 0.20245336
B27: Mixed Plastics -drop off - MSW | C27: ='Monthly Return Crunching'!M16/1000 -> 2.42856 | D27: =C27-(D38*(C27/(C26+C27))) -> 1.0461066
B28: Other non-ferrous metals - salvaged - MSW | C28: ='Monthly Return Crunching'!E7/1000 -> 0.572 | D28: =C28 -> 0.572
B29: Other non-ferrous metals - drop off - MSW | C29: ='Monthly Return Crunching'!E16/1000 -> 0.4405 | D29: =C29 -> 0.4405
B30: Paper & cardboard including books - salvaged - MSW | C30: ='Monthly Return Crunching'!M7/1000 -> 0.1325 | D30: =C30-(D37*(C30/(C30+C31))) -> 0.11635893
B31: Paper & cardboard including books - drop off - MSW | C31: ='Monthly Return Crunching'!L16/1000 -> 2.6421 | D31: =C31-(D37*(C31/(C31+C30))) -> 2.3202411
B32: Residual to landfill - timber | D32: ='Monthly Return Crunching'!D20/1000 -> 1.146
B33: Residual to landfill - mixed materials | D33: ='Monthly Return Crunching'!K20/1000 -> 8.162
B34: Residual to landfill - e-waste | D34: ='Monthly Return Crunching'!I20/1000 -> 0.956
B35: Residual to landfill - textiles | D35: ='Monthly Return Crunching'!E20/1000 -> 1.232
B36: Residual to landfill - mattresses | D36: ='Monthly Return Crunching'!H20/1000 -> 0
B37: Residual to landfill - paper and cardboard including books | D37: ='Monthly Return Crunching'!G20/1000 -> 0.338
B38: Residual to landfill - mixed plastics | D38: ='Monthly Return Crunching'!F20/1000 -> 1.65
B39: Residual to landfill - iron and steel | D39: ='Monthly Return Crunching'!C20/1000 -> 1.336
B40: Residual to landfill - glass | D40: ='Monthly Return Crunching'!J20/1000 -> 0.408
B41: Textiles - drop off - MSW | C41: ='Monthly Return Crunching'!G16/1000 -> 4.82062 | D41: =C41-D35 -> 3.58862
B42: Timber - salvaged - MSW | C42: ='Monthly Return Crunching'!I7/1000 -> 2.666 | D42: =C42-(D32*(C42/(C42+C43))) -> 2.3446959
B43: Timber - drop off - MSW | C43: ='Monthly Return Crunching'!I16/1000 -> 6.84286 | D43: =C43-(D32*(C43/(C42+C43))) -> 6.0181641
B44: Whitegoods and large appliances - salvaged - MSW | C44: ='Monthly Return Crunching'!L7/1000 -> 0 | D44: =C44 -> 0
B45: Whitegoods and large appliances - drop off - MSW | C45: ='Monthly Return Crunching'!F29/1000 -> 0.96 | D45: =C45 -> 0.96 | F45: Copy grey cells
C46: =SUM(C3:C45) -> 61.920914 | D46: =SUM(D3:D45) -> 61.920914

Sheet AnnualReturn
C1: July | D1: August | E1: September | F1: October | G1: November | H1: December | I1: January | J1: February | K1: March | L1: April | M1: May | N1: June | O1: Annual Total
B4: Salvages (MSW)
C5: July | D5: August | E5: September | F5: October | G5: November | H5: December | I5: January | J5: February | K5: March | L5: April | M5: May | N5: June
B6: Iron and steel | C6: 2.8458 | D6: 4.055 | E6: 2.922 | O6: =SUM(C6:N6) -> 9.8228 | AF6: 2.168
B7: Aluminium | C7: 0.672 | D7: 0.461 | E7: 0.078 | O7: =SUM(C7:N7) -> 1.211
B8: Other non-ferrous | C8: 1.048 | D8: 0.719 | E8: 0.572 | O8: =SUM(C8:N8) -> 2.339
B9: Mixed metals | C9: 0.63 | D9: 0.746 | E9: 0.472 | O9: =SUM(C9:N9) -> 1.848
B10: Ewaste | C10: 1.374 | D10: 2.236 | E10: 1.309 | O10: =SUM(C10:N10) -> 4.919
B11: E-waste - Brighton | C11: 0 | D11: 0.468 | E11: 0 | O11: =SUM(C11:N11) -> 0.468
B12: E-waste - Baretta | C12: 0 | D12: 0 | E12: 0 | O12: =SUM(C12:N12) -> 0
B13: E-waste - Huonville | C13: 0 | D13: 1.36 | E13: 0 | O13: =SUM(C13:N13) -> 1.36
B14: Lead acid batteries | C14: 0.757 | D14: 0.363 | E14: 0.752 | O14: =SUM(C14:N14) -> 1.872
B15: Timber | C15: 4.1788 | D15: 3.978 | E15: 2.666 | O15: =SUM(C15:N15) -> 10.8228
B16: Bricks | C16: 1.198 | D16: 0.07 | E16: 6.5545 | O16: =SUM(C16:N16) -> 7.8225
B17: Building and demolition | C17: 0.078 | D17: 0.04 | E17: 0.024 | O17: =SUM(C17:N17) -> 0.142
B18: Whitegoods | C18: 0.024 | D18: 0.016 | E18: 0 | O18: =SUM(C18:N18) -> 0.04
... B21: Glass | C21: 0.1264 | D21: 0.136 | E21: 0.004 | O21: =SUM(C21:N21) -> 0.2664
B22: Mixed materials | C22: 2.588 | D22: 2.146 | E22: 4.125 | O22: =SUM(C22:N22) -> 8.859 | Q22: % of goods returned to landfill
B23: Total | C23: =SUM(C6:C22) -> 15.97 | D23: =SUM(D6:D22) -> 17.578 | E23: =SUM(E6:E22) -> 20.081 | F23: =SUM(F6:F22) -> 0 | G23: =SUM(G6:G22) -> 0 | H23: =SUM(H6:H22) -> 0 | I23: =SUM(I6:I22) -> 0 | J23: =SUM(J6:J22) -> 0 | ... N23: =SUM(N6:N22) -> 0 | O23: =SUM(C23:N23) -> 53.629 | Q23: =(O55/(O23+O42+O57))*100 -> 23.504533
B25: Dropoff & Pickup (MSW)
C26: July | D26: August | E26: September | F26: October | G26: November | H26: December | I26: January | J26: February | K26: March | L26: April | M26: May | N26: June
B27: Iron and steel | C27: 7.26231 | D27: 5.51051 | E27: 3.18015 | O27: =SUM(C27:N27) -> 15.95297
B28: Aluminium | C28: 0.49685 | D28: 0.2761 | E28: 0.4605 | O28: =SUM(C28:N28) -> 1.23345
B29: Other non-ferrous | C29: 0.16375 | D29: 0.1755 | E29: 0.4405 | O29: =SUM(C29:N29) -> 0.77975
B30: Mixed metals | C30: 0.9105 | D30: 1.04925 | E30: 1.24415 | O30: =SUM(C30:N30) -> 3.2039
B31: Textiles | C31: 6.12137 | D31: 6.72735 | E31: 4.82062 | O31: =SUM(C31:N31) -> 17.66934
B32: Mattresses | C32: 0.1767 | D32: 0.6185 | E32: 0.1919 | O32: =SUM(C32:N32) -> 0.9871
B33: Timber | C33: 6.44945 | D33: 7.67855 | E33: 6.84286 | O33: =SUM(C33:N33) -> 20.97086
B34: Bricks | C34: 3.8527 | D34: 1.16775 | E34: 1.6625 | O34: =SUM(C34:N34) -> 6.68295
B35: Building and demolition | C35: 0.72 | D35: 0.2508 | E35: 0.7223 | O35: =SUM(C35:N35) -> 1.6931
B36: Whitegoods | C36: 0.48 | D36: 0.72 | E36: 0.96 | O36: =SUM(C36:N36) -> 2.16
B37: Paper and cardboard | C37: 2.1926 | D37: 2.6649 | E37: 2.6421 | O37: =SUM(C37:N37) -> 7.4996
B38: Plastics | C38: 4.07622 | D38: 3.33425 | E38: 2.42856 | O38: =SUM(C38:N38) -> 9.83903
... B41: Ewaste | C41: 1.4993136 | D41: 0.71793182 | E41: 0.81903182 | O41: =SUM(C41:N41) -> 3.0362773
B42: Total | C42: =SUM(C27:C41) -> 47.291585 | D42: =SUM(D27:D41) -> 45.381327 | E42: =SUM(E27:E41) -> 41.474387 | F42: =SUM(F27:F41) -> 0 | G42: =SUM(G27:G41) -> 0 | H42: =SUM(H27:H41) -> 0 | I42: =SUM(I27:I41) -> 0 | J42: =SUM(J27:J41) -> 0 | ... N42: =SUM(N27:N41) -> 0 | O42: =SUM(C42:N42) -> 134.1473
B44: Waste To Landfill (RTL)
C45: July | D45: August | E45: September | F45: October | G45: November | H45: December | I45: January | J45: February | K45: March | L45: April | M45: May | N45: June
B46: Iron and steel | C46: 2.24 | D46: 1.216 | E46: 1.336 | O46: =SUM(C46:N46) -> 4.792
B47: Timber | C47: 2.068 | D47: 1.77 | E47: 1.146 | O47: =SUM(C47:N47) -> 4.984
B48: Textiles | C48: 1.006 | D48: 0.48 | E48: 1.232 | O48: =SUM(C48:N48) -> 2.718
B49: Plastics | C49: 1.497 | D49: 1.578 | E49: 1.65 | O49: =SUM(C49:N49) -> 4.725
B50: Paper and cardboard | C50: 0.136 | D50: 0.158 | E50: 0.338 | O50: =SUM(C50:N50) -> 0.632
B51: Mattresses | C51: 0.036 | D51: 0.108 | E51: 0 | O51: =SUM(C51:N51) -> 0.144
B52: Ewaste | C52: 0.801 | D52: 0.438 | E52: 0.956 | O52: =SUM(C52:N52) -> 2.195
B53: Glass | C53: 0.6 | D53: 0.25 | E53: 0.408 | O53: =SUM(C53:N53) -> 1.258
B54: Mixed materials | C54: 9.976 | D54: 7.782 | E54: 8.162 | O54: =SUM(C54:N54) -> 25.92
B55: Total | C55: =SUM(C46:C54) -> 18.36 | D55: =SUM(D47:D54) -> 12.564 | E55: =SUM(E47:E54) -> 13.892 | F55: =SUM(F47:F54) -> 0 | G55: =SUM(G47:G54) -> 0 | H55: =SUM(H47:H54) -> 0 | I55: =SUM(I47:I54) -> 0 | J55: =SUM(J47:J54) -> 0 | K55: =SUM(K47:K54) -> 0 | ... N55: =SUM(N47:N54) -> 0 | O55: =SUM(C55:N55) -> 44.816
B57: Ewaste C&I | C57: 2.4062545 | D57: 0.12152727 | E57: 0.36552727 | O57: =SUM(C57:N57) -> 2.8933091
C59: July | D59: August | E59: September | F59: October | G59: November | H59: December | I59: January | J59: February | K59: March | L59: April | M59: May | N59: June
B60: Monthly Net Diversion | C60: =(C23+C42)-C55 -> 44.901585 | D60: =(D23+D42)-D55 -> 50.395327 | E60: =(E23+E42)-E55 -> 47.663387 | F60: =(F23+F42)-F55 -> 0 | G60: =(G23+G42)-G55 -> 0 | H60: =(H23+H42)-H55 -> 0 | I60: =(I23+I42)-I55 -> 0 | J60: =(J23+J42)-J55 -> 0 | ... N60: =(N23+N42)-N55 -> 0 | O60: =(O23+O42+O57)-O55 -> 145.85361
B62: Diversion Per Day | C62: =C60/31 -> 1.4484382 | D62: =D60/31 -> 1.6256557 | E62: =E60/30 -> 1.5887796 | F62: =F60/31 -> 0 | G62: =G60/30 -> 0 | H62: =H60/31 -> 0 | I62: =I60/31 -> 0 | J62: =J60/28 -> 0 | K62: =K60/31 -> 0 | L62: =L60/30 -> 0 | M62: =M60/31 -> 0 | N62: =N60/30 -> 0

Sheet Graphs
B42: =AnnualReturn!C5 -> July | C42: =AnnualReturn!D5 -> August | D42: =AnnualReturn!E5 -> September | E42: =AnnualReturn!F5 -> October | F42: =AnnualReturn!G5 -> November | G42: =AnnualReturn!H5 -> December | H42: =AnnualReturn!I5 -> January | I42: =AnnualReturn!J5 -> February | ... M42: =AnnualReturn!N5 -> June
A43: Salvages | B43: =AnnualReturn!C23 -> 15.97 | C43: =AnnualReturn!D23 -> 17.578 | D43: =AnnualReturn!E23 -> 20.081 | E43: =AnnualReturn!F23 -> 0 | F43: =AnnualReturn!G23 -> 0 | G43: =AnnualReturn!H23 -> 0 | H43: =AnnualReturn!I23 -> 0 | I43: =AnnualReturn!J23 -> 0 | ... M43: =AnnualReturn!N23 -> 0
A44: Dropoffs and Pickups | B44: =AnnualReturn!C42 -> 47.291585 | C44: =AnnualReturn!D42 -> 45.381327 | D44: =AnnualReturn!E42 -> 41.474387 | E44: =AnnualReturn!F42 -> 0 | F44: =AnnualReturn!G42 -> 0 | G44: =AnnualReturn!H42 -> 0 | H44: =AnnualReturn!I42 -> 0 | I44: =AnnualReturn!J42 -> 0 | ... M44: =AnnualReturn!N42 -> 0
A45: Waste To Landfill | B45: =AnnualReturn!C55 -> 18.36 | C45: =AnnualReturn!D55 -> 12.564 | D45: =AnnualReturn!E55 -> 13.892 | E45: =AnnualReturn!F55 -> 0 | F45: =AnnualReturn!G55 -> 0 | G45: =AnnualReturn!H55 -> 0 | H45: =AnnualReturn!I55 -> 0 | I45: =AnnualReturn!J55 -> 0 | ... M45: =AnnualReturn!N55 -> 0
A46: Monthly Net Diversion | B46: =AnnualReturn!C60 -> 44.901585 | C46: =AnnualReturn!D60 -> 50.395327 | D46: =AnnualReturn!E60 -> 47.663387 | E46: =AnnualReturn!F60 -> 0 | F46: =AnnualReturn!G60 -> 0 | G46: =AnnualReturn!H60 -> 0 | H46: =AnnualReturn!I60 -> 0 | I46: =AnnualReturn!J60 -> 0 | ... M46: =AnnualReturn!N60 -> 0
B70: Crates | C70: Pallets
A71: July
A72: August
A73: September
A74: October
A75: November
A76: December
A77: January
A78: February
A79: March
A80: April
A81: May
A82: June

Sheet Annual Return NRE Format
P1: Comparison
C2: July | D2: August | E2: September | F2: October | G2: November | H2: December | I2: January | J2: February | K2: March | L2: April | M2: May | N2: June | P2: This sheet | Q2: NRE return
B3: Iron and steel - OWF | C3: =AnnualReturn!C6 -> 2.8458 | D3: =AnnualReturn!D6 -> 4.055 | E3: =AnnualReturn!E6 -> 2.922 | F3: =AnnualReturn!F6 | G3: =AnnualReturn!G6 | H3: =AnnualReturn!H6 | I3: =AnnualReturn!I6 | J3: =AnnualReturn!J6 | ... N3: =AnnualReturn!N6 | R3: =P3-Q3 -> 0
B4: Iron and steel - MSW | C4: =AnnualReturn!C27 -> 7.26231 | D4: =AnnualReturn!D27 -> 5.51051 | E4: =AnnualReturn!E27 -> 3.18015 | F4: =AnnualReturn!F27 | G4: =AnnualReturn!G27 | H4: =AnnualReturn!H27 | I4: =AnnualReturn!I27 | J4: =AnnualReturn!J27 | ... N4: =AnnualReturn!N27 | R4: =P4-Q4 -> 0
B5: Aluminium - OWF | C5: =AnnualReturn!C7 -> 0.672 | D5: =AnnualReturn!D7 -> 0.461 | E5: =AnnualReturn!E7 -> 0.078 | F5: =AnnualReturn!F7 | G5: =AnnualReturn!G7 | H5: =AnnualReturn!H7 | I5: =AnnualReturn!I7 | J5: =AnnualReturn!J7 | ... N5: =AnnualReturn!N7 | R5: =P5-Q5 -> 0
B6: Aluminium - MSW | C6: =AnnualReturn!C28 -> 0.49685 | D6: =AnnualReturn!D28 -> 0.2761 | E6: =AnnualReturn!E28 -> 0.4605 | F6: =AnnualReturn!F28 | G6: =AnnualReturn!G28 | H6: =AnnualReturn!H28 | I6: =AnnualReturn!I28 | J6: =AnnualReturn!J28 | ... N6: =AnnualReturn!N28 | R6: =P6-Q6 -> 0
B7: Other non-ferrous metals - OWF | C7: =AnnualReturn!C8 -> 1.048 | D7: =AnnualReturn!D8 -> 0.719 | E7: =AnnualReturn!E8 -> 0.572 | F7: =AnnualReturn!F8 | G7: =AnnualReturn!G8 | H7: =AnnualReturn!H8 | I7: =AnnualReturn!I8 | J7: =AnnualReturn!J8 | ... N7: =AnnualReturn!N8 | R7: =P7-Q7 -> 0
B8: Other non-ferrous metals - MSW | C8: =AnnualReturn!C29 -> 0.16375 | D8: =AnnualReturn!D29 -> 0.1755 | E8: =AnnualReturn!E29 -> 0.4405 | F8: =AnnualReturn!F29 | G8: =AnnualReturn!G29 | H8: =AnnualReturn!H29 | I8: =AnnualReturn!I29 | J8: =AnnualReturn!J29 | ... N8: =AnnualReturn!N29 | R8: =P8-Q8 -> 0
B9: Mixed metals - OWF | C9: =AnnualReturn!C9 -> 0.63 | D9: =AnnualReturn!D9 -> 0.746 | E9: =AnnualReturn!E9 -> 0.472 | F9: =AnnualReturn!F9 | G9: =AnnualReturn!G9 | H9: =AnnualReturn!H9 | I9: =AnnualReturn!I9 | J9: =AnnualReturn!J9 | ... N9: =AnnualReturn!N9 | R9: =P9-Q9 -> 0
B10: Mixed metals - MSW | C10: =AnnualReturn!C30 -> 0.9105 | D10: =AnnualReturn!D30 -> 1.04925 | E10: =AnnualReturn!E30 -> 1.24415 | F10: =AnnualReturn!F30 | G10: =AnnualReturn!G30 | H10: =AnnualReturn!H30 | I10: =AnnualReturn!I30 | J10: =AnnualReturn!J30 | ... N10: =AnnualReturn!N30 | R10: =P10-Q10 -> 0
B11: Textiles - MSW | C11: =AnnualReturn!C31 -> 6.12137 | D11: =AnnualReturn!D31 -> 6.72735 | E11: =AnnualReturn!E31 -> 4.82062 | F11: =AnnualReturn!F31 | G11: =AnnualReturn!G31 | H11: =AnnualReturn!H31 | I11: =AnnualReturn!I31 | J11: =AnnualReturn!J31 | ... N11: =AnnualReturn!N31 | R11: =P11-Q11 -> 0
B12: E-waste - OWF | C12: =AnnualReturn!C10 -> 1.374 | D12: =AnnualReturn!D10 -> 2.236 | E12: =AnnualReturn!E10 -> 1.309 | F12: =AnnualReturn!F10 | G12: =AnnualReturn!G10 | H12: =AnnualReturn!H10 | I12: =AnnualReturn!I10 | J12: =AnnualReturn!J10 | ... N12: =AnnualReturn!N10 | R12: =P12-Q12 -> 0
B13: E-waste - MSW | C13: =AnnualReturn!C41 -> 1.4993136 | D13: =AnnualReturn!D41 -> 0.71793182 | E13: =AnnualReturn!E41 -> 0.81903182 | F13: =AnnualReturn!F41 | G13: =AnnualReturn!G41 | H13: =AnnualReturn!H41 | I13: =AnnualReturn!I41 | J13: =AnnualReturn!J41 | ... N13: =AnnualReturn!N41 | R13: =P13-Q13 -> 0
B14: E-waste - C&I | C14: =AnnualReturn!C57 -> 2.4062545 | D14: =AnnualReturn!D57 -> 0.12152727 | E14: =AnnualReturn!E57 -> 0.36552727 | F14: =AnnualReturn!F57 | G14: =AnnualReturn!G57 | H14: =AnnualReturn!H57 | I14: =AnnualReturn!I57 | J14: =AnnualReturn!J57 | ... N14: =AnnualReturn!N57 | R14: =P14-Q14 -> 0
B15: Lead acid batteries - OWF | C15: =AnnualReturn!C14 -> 0.757 | D15: =AnnualReturn!D14 -> 0.363 | E15: =AnnualReturn!E14 -> 0.752 | F15: =AnnualReturn!F14 | G15: =AnnualReturn!G14 | H15: =AnnualReturn!H14 | I15: =AnnualReturn!I14 | J15: =AnnualReturn!J14 | ... N15: =AnnualReturn!N14 | R15: =P15-Q15 -> 0
B16: Lead acid batteries - MSW | C16: 0 | D16: 0 | E16: 0 | F16: 0 | G16: 0 | H16: 0 | I16: 0 | J16: 0 | K16: 0 | L16: 0 | M16: 0 | N16: 0 | R16: =P16-Q16 -> 0
B17: Mattresses - MSW | C17: =AnnualReturn!C32 -> 0.1767 | D17: =AnnualReturn!D32 -> 0.6185 | E17: =AnnualReturn!E32 -> 0.1919 | F17: =AnnualReturn!F32 | G17: =AnnualReturn!G32 | H17: =AnnualReturn!H32 | I17: =AnnualReturn!I32 | J17: =AnnualReturn!J32 | ... N17: =AnnualReturn!N32 | R17: =P17-Q17 -> 0
B18: Timber - OWF | C18: =AnnualReturn!C15 -> 4.1788 | D18: =AnnualReturn!D15 -> 3.978 | E18: =AnnualReturn!E15 -> 2.666 | F18: =AnnualReturn!F15 | G18: =AnnualReturn!G15 | H18: =AnnualReturn!H15 | I18: =AnnualReturn!I15 | J18: =AnnualReturn!J15 | ... N18: =AnnualReturn!N15 | R18: =P18-Q18 -> 0
B19: Timber - MSW | C19: =AnnualReturn!C33 -> 6.44945 | D19: =AnnualReturn!D33 -> 7.67855 | E19: =AnnualReturn!E33 -> 6.84286 | F19: =AnnualReturn!F33 | G19: =AnnualReturn!G33 | H19: =AnnualReturn!H33 | I19: =AnnualReturn!I33 | J19: =AnnualReturn!J33 | ... N19: =AnnualReturn!N33 | R19: =P19-Q19 -> 0
B20: Bricks - OWF | C20: =AnnualReturn!C16 -> 1.198 | D20: =AnnualReturn!D16 -> 0.07 | E20: =AnnualReturn!E16 -> 6.5545 | F20: =AnnualReturn!F16 | G20: =AnnualReturn!G16 | H20: =AnnualReturn!H16 | I20: =AnnualReturn!I16 | J20: =AnnualReturn!J16 | ... N20: =AnnualReturn!N16 | R20: =P20-Q20 -> 0
B21: Building and demolition material - OWF | C21: =AnnualReturn!C17 -> 0.078 | D21: =AnnualReturn!D17 -> 0.04 | E21: =AnnualReturn!E17 -> 0.024 | F21: =AnnualReturn!F17 | G21: =AnnualReturn!G17 | H21: =AnnualReturn!H17 | I21: =AnnualReturn!I17 | J21: =AnnualReturn!J17 | ... N21: =AnnualReturn!N17 | R21: =P21-Q21 -> 0
B22: Whitegoods and large appliances - OWF | C22: =AnnualReturn!C18 -> 0.024 | D22: =AnnualReturn!D18 -> 0.016 | E22: =AnnualReturn!E18 -> 0 | F22: =AnnualReturn!F18 | G22: =AnnualReturn!G18 | H22: =AnnualReturn!H18 | I22: =AnnualReturn!I18 | J22: =AnnualReturn!J18 | ... N22: =AnnualReturn!N18 | R22: =P22-Q22 -> 0
B23: Whitegoods and large appliances - MSW | C23: =AnnualReturn!C36 -> 0.48 | D23: =AnnualReturn!D36 -> 0.72 | E23: =AnnualReturn!E36 -> 0.96 | F23: =AnnualReturn!F36 | G23: =AnnualReturn!G36 | H23: =AnnualReturn!H36 | I23: =AnnualReturn!I36 | J23: =AnnualReturn!J36 | ... N23: =AnnualReturn!N36 | R23: =P23-Q23 -> 0
B24: Paper & cardboard including books - OWF | C24: =AnnualReturn!C19 -> 0.01 | D24: =AnnualReturn!D19 -> 0.036 | E24: =AnnualReturn!E19 -> 0.1325 | F24: =AnnualReturn!F19 | G24: =AnnualReturn!G19 | H24: =AnnualReturn!H19 | I24: =AnnualReturn!I19 | J24: =AnnualReturn!J19 | ... N24: =AnnualReturn!N19 | R24: =P24-Q24 -> 0
B25: Paper & cardboard including books - MSW | C25: =AnnualReturn!C37 -> 2.1926 | D25: =AnnualReturn!D37 -> 2.6649 | E25: =AnnualReturn!E37 -> 2.6421 | F25: =AnnualReturn!F37 | G25: =AnnualReturn!G37 | H25: =AnnualReturn!H37 | I25: =AnnualReturn!I37 | J25: =AnnualReturn!J37 | ... N25: =AnnualReturn!N37 | R25: =P25-Q25 -> 0
B26: Mixed materials - OWF | C26: =AnnualReturn!C22 -> 2.588 | D26: =AnnualReturn!D22 -> 2.146 | E26: =AnnualReturn!E22 -> 4.125 | F26: =AnnualReturn!F22 | G26: =AnnualReturn!G22 | H26: =AnnualReturn!H22 | I26: =AnnualReturn!I22 | J26: =AnnualReturn!J22 | ... N26: =AnnualReturn!N22 | R26: =P26-Q26 -> 0
B27: Mixed materials - MSW | C27: =AnnualReturn!C40 -> 11.736622 | D27: =AnnualReturn!D40 -> 12.991535 | E27: =AnnualReturn!E40 -> 13.950215 | F27: =AnnualReturn!F40 | G27: =AnnualReturn!G40 | H27: =AnnualReturn!H40 | I27: =AnnualReturn!I40 | J27: =AnnualReturn!J40 | ... N27: =AnnualReturn!N40 | R27: =P27-Q27 -> 0
B28: Mixed Plastics - OWF | C28: =AnnualReturn!C20 -> 0.44 | D28: =AnnualReturn!D20 -> 0.748 | E28: =AnnualReturn!E20 -> 0.47 | F28: =AnnualReturn!F20 | G28: =AnnualReturn!G20 | H28: =AnnualReturn!H20 | I28: =AnnualReturn!I20 | J28: =AnnualReturn!J20 | ... N28: =AnnualReturn!N20 | R28: =P28-Q28 -> 0
B29: Mixed Plastics - MSW | C29: =AnnualReturn!C38 -> 4.07622 | D29: =AnnualReturn!D38 -> 3.33425 | E29: =AnnualReturn!E38 -> 2.42856 | F29: =AnnualReturn!F38 | G29: =AnnualReturn!G38 | H29: =AnnualReturn!H38 | I29: =AnnualReturn!I38 | J29: =AnnualReturn!J38 | ... N29: =AnnualReturn!N38 | R29: =P29-Q29 -> 0
B30: Residual to landfill - timber | C30: =AnnualReturn!C47 -> 2.068 | D30: =AnnualReturn!D47 -> 1.77 | E30: =AnnualReturn!E47 -> 1.146 | F30: =AnnualReturn!F47 | G30: =AnnualReturn!G47 | H30: =AnnualReturn!H47 | I30: =AnnualReturn!I47 | J30: =AnnualReturn!J47 | ... N30: =AnnualReturn!N47 | R30: =P30-Q30 -> 0
B31: Residual to landfill - mixed materials | C31: =AnnualReturn!C54 -> 9.976 | D31: =AnnualReturn!D54 -> 7.782 | E31: =AnnualReturn!E54 -> 8.162 | F31: =AnnualReturn!F54 | G31: =AnnualReturn!G54 | H31: =AnnualReturn!H54 | I31: =AnnualReturn!I54 | J31: =AnnualReturn!J54 | ... N31: =AnnualReturn!N54 | R31: =P31-Q31 -> 0
B32: Residual to landfill - e-waste | C32: =AnnualReturn!C52 -> 0.801 | D32: =AnnualReturn!D52 -> 0.438 | E32: =AnnualReturn!E52 -> 0.956 | F32: =AnnualReturn!F52 | G32: =AnnualReturn!G52 | H32: =AnnualReturn!H52 | I32: =AnnualReturn!I52 | J32: =AnnualReturn!J52 | ... N32: =AnnualReturn!N52 | R32: =P32-Q32 -> 0
B33: Residual to landfill - textiles | C33: =AnnualReturn!C48 -> 1.006 | D33: =AnnualReturn!D48 -> 0.48 | E33: =AnnualReturn!E48 -> 1.232 | F33: =AnnualReturn!F48 | G33: =AnnualReturn!G48 | H33: =AnnualReturn!H48 | I33: =AnnualReturn!I48 | J33: =AnnualReturn!J48 | ... N33: =AnnualReturn!N48 | R33: =P33-Q33 -> 0
B34: Residual to landfill - Mattresses | C34: =AnnualReturn!C51 -> 0.036 | D34: =AnnualReturn!D51 -> 0.108 | E34: =AnnualReturn!E51 -> 0 | F34: =AnnualReturn!F51 | G34: =AnnualReturn!G51 | H34: =AnnualReturn!H51 | I34: =AnnualReturn!I51 | J34: =AnnualReturn!J51 | ... N34: =AnnualReturn!N51 | R34: =P34-Q34 -> 0
B35: Residual to landfill - paper and cardboard including books | C35: =AnnualReturn!C50 -> 0.136 | D35: =AnnualReturn!D50 -> 0.158 | E35: =AnnualReturn!E50 -> 0.338 | F35: =AnnualReturn!F50 | G35: =AnnualReturn!G50 | H35: =AnnualReturn!H50 | I35: =AnnualReturn!I50 | J35: =AnnualReturn!J50 | ... N35: =AnnualReturn!N50 | R35: =P35-Q35 -> 0
B36: Residual to landfill - mixed plastics | C36: =AnnualReturn!C49 -> 1.497 | D36: =AnnualReturn!D49 -> 1.578 | E36: =AnnualReturn!E49 -> 1.65 | F36: =AnnualReturn!F49 | G36: =AnnualReturn!G49 | H36: =AnnualReturn!H49 | I36: =AnnualReturn!I49 | J36: =AnnualReturn!J49 | ... N36: =AnnualReturn!N49 | R36: =P36-Q36 -> 0

Sheet CratePalletEntry
H1: Holding Cells - wait until these are clear before submitting another set of data
B2: Date (DD-MM) | C2: 46157 | D2: Enter a value in every box
B3: Count | C3: 1
B4: Iron and steel | C4: 0 | D4: Do not press submit unless all boxes are green
B5: Aluminium | C5: 0
B6: Other non-ferrous | C6: 0
B7: Mixed metals | C7: 0
B8: Textiles | C8: 0
B9: Mattresses | C9: 0
B10: Timber | C10: 0
B11: Bricks | C11: 0
B12: Building and demolition | C12: 0
B13: Paper and cardboard | C13: 0
B14: Plastics | C14: 0
B15: Glass | C15: 0
B16: Mixed materials | C16: 0
C17: =SUM(C4:C16) -> 0 | D17: <----Total. Do not press submit unless this is 100
G24: <---- If 100% mixed - just enter the date,
G25: then press the relevant button for speedier results
B27: Pallet and crate weights: do not change these numbers
B28: Crate | C28: 172
B29: Pallet | C29: 100
B32: Apple Crate | C32: 61
B33: Stillage Cage | C33: 50
B34: Hardwood Pallet | C34: 35
B35: Pine Pallet | C35: 22
B36: Plastic Pallet | C36: 8
